blockID,defID,FturkScore0,FturkScore1,FturkScore2,MturkScore0,MturkScore1,MturkScore2,turkGender,groundTruth,compasScore,defAge,defGender,defRace,defJuvFelCount,defJuvMisdCount,defPriorsCount,defChargeDegree
1,1024,5,5,3,1,1,2,1,0,2,27,0,2,0,0,0,0
1,1024,5,5,3,1,1,2,0,0,2,27,0,2,0,0,0,0
1,10307,9,10,9,8,8,10,1,0,6,31,0,2,2,0,6,1
1,10307,9,10,9,8,8,10,0,0,6,31,0,2,2,0,6,1
1,10406,7,7,8,5,5,8,1,0,7,43,0,2,0,0,2,1
1,10406,7,7,8,5,5,8,0,0,7,43,0,2,0,0,2,1
1,10452,0,1,2,2,1,1,1,0,1,44,1,2,0,0,0,1
1,10452,0,1,2,2,1,1,0,0,1,44,1,2,0,0,0,1
1,1443,5,4,2,1,3,0,0,1,5,45,0,2,0,0,0,1
1,1443,5,4,2,1,3,0,1,1,5,45,0,2,0,0,0,1
1,1733,8,9,10,9,8,10,0,0,7,52,1,1,0,0,6,0
1,1733,8,9,10,9,8,10,1,0,7,52,1,1,0,0,6,0
1,2719,6,4,7,3,5,5,0,1,4,23,0,2,0,0,1,1
1,2719,6,4,7,3,5,5,1,1,4,23,0,2,0,0,1,1
1,3398,10,10,9,9,9,10,0,1,10,21,0,2,1,2,3,1
1,3398,10,10,9,9,9,10,1,1,10,21,0,2,1,2,3,1
1,3732,3,2,4,3,3,1,1,0,1,26,0,2,0,0,1,0
1,3732,3,2,4,3,3,1,0,0,1,26,0,2,0,0,1,0
1,4766,9,9,9,6,9,7,1,1,9,26,0,1,0,0,2,1
1,4766,9,9,9,6,9,7,0,1,9,26,0,1,0,0,2,1
1,4767,8,8,9,8,7,9,1,0,2,39,0,1,0,0,3,1
1,4767,8,8,9,8,7,9,0,0,2,39,0,1,0,0,3,1
1,5438,7,6,7,5,4,5,0,1,10,20,0,2,0,0,1,1
1,5438,7,6,7,5,4,5,1,1,10,20,0,2,0,0,1,1
1,5557,1,4,4,2,2,2,0,1,4,51,0,2,0,0,0,0
1,5557,1,4,4,2,2,2,1,1,4,51,0,2,0,0,0,0
1,5593,7,9,10,8,7,8,0,1,4,37,0,1,0,0,4,0
1,5593,7,9,10,8,7,8,1,1,4,37,0,1,0,0,4,0
1,5647,1,1,0,1,1,1,1,1,1,42,1,2,0,0,0,0
1,5647,1,1,0,1,1,1,0,1,1,42,1,2,0,0,0,0
1,6064,0,1,1,2,1,0,1,0,2,31,1,1,0,0,0,0
1,6064,0,1,1,2,1,0,0,0,2,31,1,1,0,0,0,0
1,61,8,10,10,7,8,10,1,0,2,51,1,2,0,0,7,1
1,61,8,10,10,7,8,10,0,0,2,51,1,2,0,0,7,1
1,7652,10,10,9,10,9,9,1,1,8,25,0,2,0,0,8,1
1,7652,10,10,9,10,9,9,0,1,8,25,0,2,0,0,8,1
1,8104,9,9,10,10,10,9,1,0,6,42,1,2,0,0,16,1
1,8104,9,9,10,10,10,9,0,0,6,42,1,2,0,0,16,1
1,8141,0,0,0,0,1,0,0,0,4,21,0,1,0,0,0,1
1,8141,0,0,0,0,1,0,1,0,4,21,0,1,0,0,0,1
1,8267,8,9,8,3,4,7,0,1,3,46,0,2,0,0,3,1
1,8267,8,9,8,3,4,7,1,1,3,46,0,2,0,0,3,1
1,8307,8,7,9,8,6,9,0,0,6,53,1,2,0,0,5,1
1,8307,8,7,9,8,6,9,1,0,6,53,1,2,0,0,5,1
1,8613,6,8,8,4,4,6,0,0,2,33,0,1,0,0,2,0
1,8613,6,8,8,4,4,6,1,0,2,33,0,1,0,0,2,0
1,8827,8,9,10,9,9,9,1,0,3,26,0,3,0,0,5,1
1,8827,8,9,10,9,9,9,0,0,3,26,0,3,0,0,5,1
1,9924,3,4,6,2,2,4,1,1,3,29,0,1,0,0,0,1
1,9924,3,4,6,2,2,4,0,1,3,29,0,1,0,0,0,1
10,10807,7,9,7,7,7,6,0,1,9,25,0,1,0,0,3,0
10,10807,7,9,7,7,7,6,1,1,9,25,0,1,0,0,3,0
10,1522,6,9,7,7,8,6,1,0,7,23,0,2,0,0,2,0
10,1522,6,9,7,7,8,6,0,0,7,23,0,2,0,0,2,0
10,1841,3,7,2,3,3,2,0,0,3,37,1,1,0,0,1,0
10,1841,3,7,2,3,3,2,1,0,3,37,1,1,0,0,1,0
10,2165,1,1,2,1,1,2,1,1,1,53,0,2,0,0,0,0
10,2165,1,1,2,1,1,2,0,1,1,53,0,2,0,0,0,0
10,2400,10,10,10,9,9,10,0,0,8,30,0,2,0,2,11,1
10,2400,10,10,10,9,9,10,1,0,8,30,0,2,0,2,11,1
10,2687,1,1,2,1,0,1,0,0,1,54,0,1,0,0,0,0
10,2687,1,1,2,1,0,1,1,0,1,54,0,1,0,0,0,0
10,3055,9,10,6,5,5,7,1,0,2,61,0,2,0,0,5,1
10,3055,9,10,6,5,5,7,0,0,2,61,0,2,0,0,5,1
10,3084,10,9,9,5,7,9,0,0,4,50,1,2,0,0,7,0
10,3084,10,9,9,5,7,9,1,0,4,50,1,2,0,0,7,0
10,3641,1,2,1,0,3,2,1,0,6,26,0,1,0,0,0,0
10,3641,1,2,1,0,3,2,0,0,6,26,0,1,0,0,0,0
10,4520,8,9,8,6,6,10,0,1,6,30,1,2,0,0,3,1
10,4520,8,9,8,6,6,10,1,1,6,30,1,2,0,0,3,1
10,4524,5,3,4,5,3,3,1,0,4,20,0,1,0,0,0,1
10,4524,5,3,4,5,3,3,0,0,4,20,0,1,0,0,0,1
10,4748,0,0,0,2,2,1,0,0,3,30,1,2,0,0,0,0
10,4748,0,0,0,2,2,1,1,0,3,30,1,2,0,0,0,0
10,4870,5,3,5,4,2,2,0,0,2,24,0,1,0,0,1,0
10,4870,5,3,5,4,2,2,1,0,2,24,0,1,0,0,1,0
10,5249,0,2,1,1,2,2,1,0,4,28,0,2,0,0,0,1
10,5249,0,2,1,1,2,2,0,0,4,28,0,2,0,0,0,1
10,5369,0,0,0,2,2,0,1,0,1,45,0,2,0,0,0,0
10,5369,0,0,0,2,2,0,0,0,1,45,0,2,0,0,0,0
10,5372,3,3,4,1,3,2,1,0,2,29,1,2,0,0,0,1
10,5372,3,3,4,1,3,2,0,0,2,29,1,2,0,0,0,1
10,5673,10,10,10,9,7,10,1,1,6,32,0,2,0,0,10,1
10,5673,10,10,10,9,7,10,0,1,6,32,0,2,0,0,10,1
10,5968,9,9,9,7,8,9,0,1,4,57,0,1,0,0,9,1
10,5968,9,9,9,7,8,9,1,1,4,57,0,1,0,0,9,1
10,6360,1,1,4,6,1,5,0,0,3,39,0,1,0,0,0,1
10,6360,1,1,4,6,1,5,1,0,3,39,0,1,0,0,0,1
10,6449,10,10,10,7,8,8,1,1,5,51,0,2,0,0,11,0
10,6449,10,10,10,7,8,8,0,1,5,51,0,2,0,0,11,0
10,657,8,9,10,8,7,9,0,1,10,24,1,2,0,0,3,1
10,657,8,9,10,8,7,9,1,1,10,24,1,2,0,0,3,1
10,8563,4,5,2,5,2,2,0,0,2,27,0,3,0,0,1,0
10,8563,4,5,2,5,2,2,1,0,2,27,0,3,0,0,1,0
10,8863,10,9,9,5,8,10,0,1,6,31,0,3,0,0,5,1
10,8863,10,9,9,5,8,10,1,1,6,31,0,3,0,0,5,1
10,9495,9,9,9,7,8,9,0,1,7,21,0,3,0,1,2,1
10,9495,9,9,9,7,8,9,1,1,7,21,0,3,0,1,2,1
10,9831,0,2,1,1,2,1,1,1,2,29,0,3,0,0,0,0
10,9831,0,2,1,1,2,1,0,1,2,29,0,3,0,0,0,0
11,10169,2,0,1,0,1,2,1,1,7,33,0,1,0,0,0,0
11,10169,2,0,1,0,1,2,0,1,7,33,0,1,0,0,0,0
11,10703,10,10,10,10,10,10,0,0,7,43,0,2,0,1,23,1
11,10703,10,10,10,10,10,10,1,0,7,43,0,2,0,1,23,1
11,1191,5,0,2,2,1,3,0,1,4,22,0,1,0,0,0,1
11,1191,5,0,2,2,1,3,1,1,4,22,0,1,0,0,0,1
11,2152,7,7,7,8,7,8,0,0,2,42,1,2,0,0,2,1
11,2152,7,7,7,8,7,8,1,0,2,42,1,2,0,0,2,1
11,2638,2,1,0,0,2,0,0,0,4,23,0,1,0,0,0,0
11,2638,2,1,0,0,2,0,1,0,4,23,0,1,0,0,0,0
11,266,6,7,6,6,5,7,1,0,1,54,0,3,0,0,2,1
11,266,6,7,6,6,5,7,0,0,1,54,0,3,0,0,2,1
11,2898,0,1,1,1,0,0,1,0,3,31,1,1,0,0,0,0
11,2898,0,1,1,1,0,0,0,0,3,31,1,1,0,0,0,0
11,2907,10,10,10,9,10,10,0,1,6,22,0,2,0,0,3,1
11,2907,10,10,10,9,10,10,1,1,6,22,0,2,0,0,3,1
11,3412,0,2,0,0,3,0,0,0,2,25,0,1,0,0,0,0
11,3412,0,2,0,0,3,0,1,0,2,25,0,1,0,0,0,0
11,3950,9,9,10,7,8,8,0,1,9,38,0,1,0,0,3,1
11,3950,9,9,10,7,8,8,1,1,9,38,0,1,0,0,3,1
11,469,3,4,6,2,2,5,0,1,10,20,0,2,0,0,0,1
11,469,3,4,6,2,2,5,1,1,10,20,0,2,0,0,0,1
11,5506,10,10,10,9,9,8,1,1,5,24,0,1,0,0,3,1
11,5506,10,10,10,9,9,8,0,1,5,24,0,1,0,0,3,1
11,5689,8,9,9,6,7,8,1,0,4,22,0,1,0,0,1,1
11,5689,8,9,9,6,7,8,0,0,4,22,0,1,0,0,1,1
11,6339,9,10,10,10,10,8,0,1,5,49,0,2,0,0,11,0
11,6339,9,10,10,10,10,8,1,1,5,49,0,2,0,0,11,0
11,6668,1,0,1,0,1,0,0,1,2,29,0,2,0,0,0,0
11,6668,1,0,1,0,1,0,1,1,2,29,0,2,0,0,0,0
11,7247,10,9,9,6,8,9,0,1,5,24,1,2,0,0,2,1
11,7247,10,9,9,6,8,9,1,1,5,24,1,2,0,0,2,1
11,7508,0,0,1,0,1,0,0,0,1,44,0,3,0,0,0,0
11,7508,0,0,1,0,1,0,1,0,1,44,0,3,0,0,0,0
11,8258,10,10,9,10,10,9,1,1,7,26,0,2,0,0,6,1
11,8258,10,10,9,10,10,9,0,1,7,26,0,2,0,0,6,1
11,8403,2,1,1,1,2,3,0,1,4,19,0,2,0,0,0,1
11,8403,2,1,1,1,2,3,1,1,4,19,0,2,0,0,0,1
11,8534,10,10,9,9,10,9,0,1,5,44,1,1,0,0,10,1
11,8534,10,10,9,9,10,9,1,1,5,44,1,1,0,0,10,1
11,8565,9,10,9,10,10,10,1,1,10,30,0,2,0,0,13,1
11,8565,9,10,9,10,10,10,0,1,10,30,0,2,0,0,13,1
11,8777,8,6,9,7,7,8,0,0,4,21,0,1,0,0,1,1
11,8777,8,6,9,7,7,8,1,0,4,21,0,1,0,0,1,1
11,8939,3,4,3,0,1,4,1,0,4,26,1,2,0,0,1,0
11,8939,3,4,3,0,1,4,0,0,4,26,1,2,0,0,1,0
11,9172,2,2,4,3,3,7,1,0,7,21,0,2,0,0,0,1
11,9172,2,2,4,3,3,7,0,0,7,21,0,2,0,0,0,1
11,9484,3,3,2,1,2,4,1,0,2,41,1,1,0,0,1,0
11,9484,3,3,2,1,2,4,0,0,2,41,1,1,0,0,1,0
12,1467,9,10,10,10,10,9,0,1,7,29,0,2,0,0,10,1
12,1467,9,10,10,10,10,9,1,1,7,29,0,2,0,0,10,1
12,1615,3,4,2,2,2,1,0,0,1,38,1,1,0,0,0,1
12,1615,3,4,2,2,2,1,1,0,1,38,1,1,0,0,0,1
12,163,6,6,4,2,1,5,1,0,1,43,0,1,0,0,1,1
12,163,6,6,4,2,1,5,0,0,1,43,0,1,0,0,1,1
12,2140,4,6,2,2,2,3,0,0,1,59,1,1,0,0,1,1
12,2140,4,6,2,2,2,3,1,0,1,59,1,1,0,0,1,1
12,2456,9,9,10,8,9,9,1,0,6,43,0,1,0,0,9,1
12,2456,9,9,10,8,9,9,0,0,6,43,0,1,0,0,9,1
12,2543,10,10,10,10,9,10,1,0,8,37,0,2,2,3,24,1
12,2543,10,10,10,10,9,10,0,0,8,37,0,2,2,3,24,1
12,2917,8,10,9,6,7,8,0,0,4,26,0,1,0,0,3,0
12,2917,8,10,9,6,7,8,1,0,4,26,0,1,0,0,3,0
12,2959,6,6,6,2,4,7,0,0,7,26,0,2,0,0,2,0
12,2959,6,6,6,2,4,7,1,0,7,26,0,2,0,0,2,0
12,3022,8,9,9,7,8,8,1,0,5,35,0,2,0,0,4,0
12,3022,8,9,9,7,8,8,0,0,5,35,0,2,0,0,4,0
12,3182,7,5,5,3,4,4,1,0,5,25,0,2,0,0,2,1
12,3182,7,5,5,3,4,4,0,0,5,25,0,2,0,0,2,1
12,4371,0,0,0,0,1,1,1,0,1,57,0,1,0,0,0,0
12,4371,0,0,0,0,1,1,0,0,1,57,0,1,0,0,0,0
12,4940,10,9,9,6,7,9,0,1,10,34,0,2,0,0,9,1
12,4940,10,9,9,6,7,9,1,1,10,34,0,2,0,0,9,1
12,5635,5,6,6,2,4,4,0,0,1,52,1,1,0,0,3,0
12,5635,5,6,6,2,4,4,1,0,1,52,1,1,0,0,3,0
12,603,10,9,10,7,8,7,1,0,5,29,0,2,1,0,2,1
12,603,10,9,10,7,8,7,0,0,5,29,0,2,1,0,2,1
12,6769,4,3,5,0,1,1,0,0,2,40,1,1,0,0,0,1
12,6769,4,3,5,0,1,1,1,0,2,40,1,1,0,0,0,1
12,7427,10,9,10,9,8,7,0,0,8,27,0,2,0,0,8,0
12,7427,10,9,10,9,8,7,1,0,8,27,0,2,0,0,8,0
12,7987,10,10,10,10,10,10,0,1,9,29,0,1,4,1,10,1
12,7987,10,10,10,10,10,10,1,1,9,29,0,1,4,1,10,1
12,8107,3,4,2,1,1,1,0,0,1,49,1,1,0,0,1,0
12,8107,3,4,2,1,1,1,1,0,1,49,1,1,0,0,1,0
12,8308,9,10,10,8,8,8,0,1,7,27,0,2,1,0,6,1
12,8308,9,10,10,8,8,8,1,1,7,27,0,2,1,0,6,1
12,887,8,10,8,7,8,9,1,1,6,30,0,2,0,0,5,1
12,887,8,10,8,7,8,9,0,1,6,30,0,2,0,0,5,1
12,8885,4,5,7,2,4,2,0,1,8,22,0,2,0,1,1,1
12,8885,4,5,7,2,4,2,1,1,8,22,0,2,0,1,1,1
12,8929,2,4,4,1,1,0,1,1,2,30,0,3,0,0,1,1
12,8929,2,4,4,1,1,0,0,1,2,30,0,3,0,0,1,1
12,9303,0,0,1,0,1,1,1,0,9,30,0,2,0,0,0,0
12,9303,0,0,1,0,1,1,0,0,9,30,0,2,0,0,0,0
12,9563,5,4,9,2,0,2,0,0,6,22,0,1,0,0,1,1
12,9563,5,4,9,2,0,2,1,0,6,22,0,1,0,0,1,1
12,9953,6,8,8,5,3,5,0,1,3,23,0,2,0,0,1,1
12,9953,6,8,8,5,3,5,1,1,3,23,0,2,0,0,1,1
13,10243,0,0,0,1,2,0,1,0,3,29,1,3,0,0,0,0
13,10243,0,0,0,1,2,0,0,0,3,29,1,3,0,0,0,0
13,10449,6,8,9,8,7,5,0,0,2,51,1,2,0,0,3,0
13,10449,6,8,9,8,7,5,1,0,2,51,1,2,0,0,3,0
13,1244,7,7,9,8,8,4,1,0,4,47,0,1,0,0,2,1
13,1244,7,7,9,8,8,4,0,0,4,47,0,1,0,0,2,1
13,1874,3,3,3,5,5,3,1,0,4,28,1,1,0,0,1,0
13,1874,3,3,3,5,5,3,0,0,4,28,1,1,0,0,1,0
13,210,9,8,10,10,9,8,1,1,7,32,0,2,0,0,3,1
13,210,9,8,10,10,9,8,0,1,7,32,0,2,0,0,3,1
13,2446,3,1,6,4,3,2,0,1,3,23,0,1,0,0,0,1
13,2446,3,1,6,4,3,2,1,1,3,23,0,1,0,0,0,1
13,2484,0,1,2,1,0,0,1,0,1,50,0,1,0,0,0,0
13,2484,0,1,2,1,0,0,0,0,1,50,0,1,0,0,0,0
13,2654,9,6,9,9,10,10,0,0,7,27,0,2,0,0,3,0
13,2654,9,6,9,9,10,10,1,0,7,27,0,2,0,0,3,0
13,2865,8,6,10,10,9,10,1,1,4,22,0,2,0,0,2,1
13,2865,8,6,10,10,9,10,0,1,4,22,0,2,0,0,2,1
13,3113,9,7,9,6,7,9,0,1,3,34,0,3,0,0,2,1
13,3113,9,7,9,6,7,9,1,1,3,34,0,3,0,0,2,1
13,366,6,8,6,7,8,7,1,1,8,22,0,1,0,0,1,0
13,366,6,8,6,7,8,7,0,1,8,22,0,1,0,0,1,0
13,4612,9,10,10,8,9,10,1,1,7,31,0,1,0,0,4,1
13,4612,9,10,10,8,9,10,0,1,7,31,0,1,0,0,4,1
13,5128,4,4,3,4,2,2,1,0,2,39,0,3,0,0,1,0
13,5128,4,4,3,4,2,2,0,0,2,39,0,3,0,0,1,0
13,5535,6,3,9,6,7,8,0,1,6,21,0,1,0,0,1,1
13,5535,6,3,9,6,7,8,1,1,6,21,0,1,0,0,1,1
13,5921,10,9,10,10,10,9,0,1,3,52,0,1,0,0,4,0
13,5921,10,9,10,10,10,9,1,1,3,52,0,1,0,0,4,0
13,6570,9,7,9,9,9,6,1,0,4,47,0,1,0,0,2,1
13,6570,9,7,9,9,9,6,0,0,4,47,0,1,0,0,2,1
13,6661,2,2,2,4,3,1,1,0,2,24,0,1,0,0,0,1
13,6661,2,2,2,4,3,1,0,0,2,24,0,1,0,0,0,1
13,7381,1,2,1,3,2,0,0,0,6,43,1,2,0,0,0,1
13,7381,1,2,1,3,2,0,1,0,6,43,1,2,0,0,0,1
13,7488,4,0,6,4,3,2,1,1,8,21,0,2,0,0,0,1
13,7488,4,0,6,4,3,2,0,1,8,21,0,2,0,0,0,1
13,7581,2,4,4,6,6,2,0,1,1,27,0,2,0,0,0,0
13,7581,2,4,4,6,6,2,1,1,1,27,0,2,0,0,0,0
13,7962,0,1,0,1,1,1,1,0,1,41,1,2,0,0,0,1
13,7962,0,1,0,1,1,1,0,0,1,41,1,2,0,0,0,1
13,8000,7,7,9,9,5,4,1,1,3,26,1,2,0,0,1,1
13,8000,7,7,9,9,5,4,0,1,3,26,1,2,0,0,1,1
13,8285,10,10,10,9,10,10,1,1,6,28,0,2,0,0,8,0
13,8285,10,10,10,9,10,10,0,1,6,28,0,2,0,0,8,0
13,8761,8,9,10,9,9,10,0,1,2,32,0,1,0,0,4,0
13,8761,8,9,10,9,9,10,1,1,2,32,0,1,0,0,4,0
13,9392,4,5,3,2,3,1,0,0,5,53,0,1,0,0,1,0
13,9392,4,5,3,2,3,1,1,0,5,53,0,1,0,0,1,0
14,10359,6,5,3,4,5,7,0,0,6,25,0,2,0,0,2,0
14,10359,6,5,3,4,5,7,1,0,6,25,0,2,0,0,2,0
14,1250,9,9,9,10,10,10,0,1,8,35,0,2,0,0,13,1
14,1250,9,9,9,10,10,10,1,1,8,35,0,2,0,0,13,1
14,1325,0,0,0,1,0,0,1,0,1,52,1,2,0,0,0,1
14,1325,0,0,0,1,0,0,0,0,1,52,1,2,0,0,0,1
14,1604,9,9,6,6,6,5,0,1,5,36,0,2,0,0,4,0
14,1604,9,9,6,6,6,5,1,1,5,36,0,2,0,0,4,0
14,2220,9,10,10,10,10,9,0,1,4,52,0,2,0,0,15,0
14,2220,9,10,10,10,10,9,1,1,4,52,0,2,0,0,15,0
14,2537,0,0,0,0,0,0,0,0,2,27,1,2,0,0,0,0
14,2537,0,0,0,0,0,0,1,0,2,27,1,2,0,0,0,0
14,2766,10,9,9,8,10,10,0,1,8,28,0,2,0,0,8,1
14,2766,10,9,9,8,10,10,1,1,8,28,0,2,0,0,8,1
14,3337,10,10,9,10,10,10,1,1,8,32,0,2,0,0,14,1
14,3337,10,10,9,10,10,10,0,1,8,32,0,2,0,0,14,1
14,3387,3,5,6,3,3,4,0,1,1,52,0,2,0,0,1,0
14,3387,3,5,6,3,3,4,1,1,1,52,0,2,0,0,1,0
14,3818,1,4,2,1,2,4,1,0,4,23,0,2,0,0,1,0
14,3818,1,4,2,1,2,4,0,0,4,23,0,2,0,0,1,0
14,3925,2,2,3,2,1,5,1,1,3,22,0,2,0,0,0,1
14,3925,2,2,3,2,1,5,0,1,3,22,0,2,0,0,0,1
14,4335,1,3,2,0,1,4,1,0,9,37,0,2,0,0,0,1
14,4335,1,3,2,0,1,4,0,0,9,37,0,2,0,0,0,1
14,4336,3,3,5,4,0,4,0,0,4,23,0,2,0,0,1,1
14,4336,3,3,5,4,0,4,1,0,4,23,0,2,0,0,1,1
14,5634,0,0,0,0,0,1,0,0,1,39,0,1,0,0,0,1
14,5634,0,0,0,0,0,1,1,0,1,39,0,1,0,0,0,1
14,622,0,0,1,0,0,1,1,0,6,39,1,1,0,0,0,0
14,622,0,0,1,0,0,1,0,0,6,39,1,1,0,0,0,0
14,6320,9,10,10,10,10,10,0,1,10,39,0,2,0,0,21,1
14,6320,9,10,10,10,10,10,1,1,10,39,0,2,0,0,21,1
14,6525,3,3,4,0,2,5,1,1,1,51,0,1,0,0,1,1
14,6525,3,3,4,0,2,5,0,1,1,51,0,1,0,0,1,1
14,7355,4,7,4,2,4,5,0,0,3,35,1,1,0,0,2,0
14,7355,4,7,4,2,4,5,1,0,3,35,1,1,0,0,2,0
14,7607,3,5,6,3,6,4,0,0,3,23,1,2,0,0,1,1
14,7607,3,5,6,3,6,4,1,0,3,23,1,2,0,0,1,1
14,8140,10,10,10,10,10,10,1,1,10,31,0,2,3,0,16,1
14,8140,10,10,10,10,10,10,0,1,10,31,0,2,3,0,16,1
14,8239,10,10,9,9,10,10,0,0,10,28,0,2,0,0,7,1
14,8239,10,10,9,9,10,10,1,0,10,28,0,2,0,0,7,1
14,8379,0,1,1,0,0,0,0,0,1,76,0,4,0,0,0,1
14,8379,0,1,1,0,0,0,1,0,1,76,0,4,0,0,0,1
14,8681,10,9,10,10,9,9,1,1,9,33,0,2,0,0,12,1
14,8681,10,9,10,10,9,9,0,1,9,33,0,2,0,0,12,1
14,9129,7,7,5,4,4,8,1,0,6,26,0,2,0,0,2,1
14,9129,7,7,5,4,4,8,0,0,6,26,0,2,0,0,2,1
14,98,10,9,9,9,9,9,0,1,6,27,0,2,0,1,6,1
14,98,10,9,9,9,9,9,1,1,6,27,0,2,0,1,6,1
15,10271,4,5,4,3,5,5,0,0,3,33,0,3,0,0,2,0
15,10271,4,5,4,3,5,5,1,0,3,33,0,3,0,0,2,0
15,10509,8,9,10,9,7,10,1,0,7,25,0,2,0,1,3,1
15,10509,8,9,10,9,7,10,0,0,7,25,0,2,0,1,3,1
15,10660,2,0,4,2,2,1,1,1,2,23,0,3,0,0,0,0
15,10660,2,0,4,2,2,1,0,1,2,23,0,3,0,0,0,0
15,2402,10,10,10,9,9,10,1,1,7,46,0,2,0,0,15,1
15,2402,10,10,10,9,9,10,0,1,7,46,0,2,0,0,15,1
15,2438,0,1,2,1,1,0,0,0,1,67,0,4,0,0,0,0
15,2438,0,1,2,1,1,0,1,0,1,67,0,4,0,0,0,0
15,2583,8,9,9,8,7,8,0,0,3,35,1,1,0,0,4,1
15,2583,8,9,9,8,7,8,1,0,3,35,1,1,0,0,4,1
15,2632,9,8,10,6,7,7,1,0,1,56,0,1,0,0,4,1
15,2632,9,8,10,6,7,7,0,0,1,56,0,1,0,0,4,1
15,3999,4,4,6,4,3,4,1,0,1,41,0,2,0,0,1,1
15,3999,4,4,6,4,3,4,0,0,1,41,0,2,0,0,1,1
15,4159,5,4,4,3,1,3,0,1,2,41,0,1,0,0,1,1
15,4159,5,4,4,3,1,3,1,1,2,41,0,1,0,0,1,1
15,5042,9,10,10,10,10,10,1,1,7,45,0,2,0,0,13,0
15,5042,9,10,10,10,10,10,0,1,7,45,0,2,0,0,13,0
15,5052,1,2,2,1,1,1,0,0,4,44,0,1,0,0,0,1
15,5052,1,2,2,1,1,1,1,0,4,44,0,1,0,0,0,1
15,5935,9,9,10,9,10,10,0,1,4,24,0,2,0,0,3,1
15,5935,9,9,10,9,10,10,1,1,4,24,0,2,0,0,3,1
15,6249,5,4,8,5,5,7,0,1,3,38,0,1,0,0,2,1
15,6249,5,4,8,5,5,7,1,1,3,38,0,1,0,0,2,1
15,6864,10,10,10,9,10,9,0,1,10,26,0,2,0,0,6,0
15,6864,10,10,10,9,10,9,1,1,10,26,0,2,0,0,6,0
15,70,1,1,3,1,1,2,0,0,4,29,0,2,0,0,0,1
15,70,1,1,3,1,1,2,1,0,4,29,0,2,0,0,0,1
15,7206,10,9,8,9,10,10,1,1,2,37,0,3,0,0,6,1
15,7206,10,9,8,9,10,10,0,1,2,37,0,3,0,0,6,1
15,728,10,9,9,9,8,9,0,1,1,34,0,3,0,0,4,1
15,728,10,9,9,9,8,9,1,1,1,34,0,3,0,0,4,1
15,7320,9,9,10,9,8,9,0,1,8,22,0,1,0,2,3,1
15,7320,9,9,10,9,8,9,1,1,8,22,0,1,0,2,3,1
15,7459,9,10,10,10,10,10,0,1,8,26,0,2,0,0,10,1
15,7459,9,10,10,10,10,10,1,1,8,26,0,2,0,0,10,1
15,7868,1,1,3,1,2,2,1,0,3,37,1,2,0,0,0,1
15,7868,1,1,3,1,2,2,0,0,3,37,1,2,0,0,0,1
15,7916,1,2,3,2,2,3,0,0,7,25,0,2,0,0,0,1
15,7916,1,2,3,2,2,3,1,0,7,25,0,2,0,0,0,1
15,8866,5,4,3,2,2,3,0,0,3,34,1,3,0,0,1,0
15,8866,5,4,3,2,2,3,1,0,3,34,1,3,0,0,1,0
15,9509,10,10,10,10,9,9,0,1,7,27,0,2,0,0,9,1
15,9509,10,10,10,10,9,9,1,1,7,27,0,2,0,0,9,1
15,9556,5,6,7,2,4,6,1,0,2,30,0,3,0,0,1,1
15,9556,5,6,7,2,4,6,0,0,2,30,0,3,0,0,1,1
15,963,7,3,7,3,4,7,0,0,5,25,0,1,0,0,1,1
15,963,7,3,7,3,4,7,1,0,5,25,0,1,0,0,1,1
16,10659,9,9,10,9,8,10,1,1,10,30,0,2,0,1,18,1
16,10659,9,9,10,9,8,10,0,1,10,30,0,2,0,1,18,1
16,1787,1,2,2,1,2,1,0,0,5,24,0,2,0,0,0,1
16,1787,1,2,2,1,2,1,1,0,5,24,0,2,0,0,0,1
16,2291,3,2,0,0,1,2,1,0,1,72,0,1,0,0,1,0
16,2291,3,2,0,0,1,2,0,0,1,72,0,1,0,0,1,0
16,2874,8,9,7,9,7,7,0,1,2,33,0,2,0,0,2,0
16,2874,8,9,7,9,7,7,1,1,2,33,0,2,0,0,2,0
16,3674,0,1,0,1,0,0,0,0,2,32,1,2,0,0,0,1
16,3674,0,1,0,1,0,0,1,0,2,32,1,2,0,0,0,1
16,4112,5,5,8,4,4,5,0,0,3,21,0,2,0,0,1,1
16,4112,5,5,8,4,4,5,1,0,3,21,0,2,0,0,1,1
16,4534,0,1,0,2,0,0,1,0,2,32,1,2,0,0,0,0
16,4534,0,1,0,2,0,0,0,0,2,32,1,2,0,0,0,0
16,4641,3,1,4,5,1,2,1,0,4,35,1,1,0,0,1,0
16,4641,3,1,4,5,1,2,0,0,4,35,1,1,0,0,1,0
16,533,1,1,1,2,1,1,0,1,5,23,1,2,0,0,0,1
16,533,1,1,1,2,1,1,1,1,5,23,1,2,0,0,0,1
16,6278,2,1,4,2,2,1,0,0,2,30,1,2,0,0,0,1
16,6278,2,1,4,2,2,1,1,0,2,30,1,2,0,0,0,1
16,6432,8,8,9,8,8,7,1,0,5,42,1,1,0,0,3,1
16,6432,8,8,9,8,8,7,0,0,5,42,1,1,0,0,3,1
16,654,0,1,2,2,0,1,0,0,1,33,0,1,0,0,0,1
16,654,0,1,2,2,0,1,1,0,1,33,0,1,0,0,0,1
16,67,10,9,10,10,8,10,1,1,8,35,0,2,1,0,13,1
16,67,10,9,10,10,8,10,0,1,8,35,0,2,1,0,13,1
16,6791,10,10,8,8,8,8,1,0,1,57,0,2,0,0,3,1
16,6791,10,10,8,8,8,8,0,0,1,57,0,2,0,0,3,1
16,6875,4,2,6,5,5,5,1,0,8,22,0,1,0,0,0,1
16,6875,4,2,6,5,5,5,0,0,8,22,0,1,0,0,0,1
16,692,10,9,9,10,8,10,1,1,5,29,0,2,0,0,3,1
16,692,10,9,9,10,8,10,0,1,5,29,0,2,0,0,3,1
16,7037,10,10,10,10,9,10,0,1,10,26,0,2,0,1,6,1
16,7037,10,10,10,10,9,10,1,1,10,26,0,2,0,1,6,1
16,7051,1,2,4,3,2,4,1,0,1,56,0,2,0,0,1,1
16,7051,1,2,4,3,2,4,0,0,1,56,0,2,0,0,1,1
16,7948,2,2,2,1,1,0,0,0,6,27,0,2,0,0,0,1
16,7948,2,2,2,1,1,0,1,0,6,27,0,2,0,0,0,1
16,8724,10,9,10,10,9,10,1,1,9,42,0,2,1,0,7,1
16,8724,10,9,10,10,9,10,0,1,9,42,0,2,1,0,7,1
16,9072,8,8,9,7,9,6,0,1,7,37,0,2,0,0,4,0
16,9072,8,8,9,7,9,6,1,1,7,37,0,2,0,0,4,0
16,9106,9,10,9,9,10,9,0,1,2,32,1,1,0,0,2,1
16,9106,9,10,9,9,10,9,1,1,2,32,1,1,0,0,2,1
16,9632,3,6,8,6,7,7,1,0,1,46,0,1,0,0,1,1
16,9632,3,6,8,6,7,7,0,0,1,46,0,1,0,0,1,1
16,9914,10,9,9,10,8,10,0,1,4,23,0,1,0,1,4,0
16,9914,10,9,9,10,8,10,1,1,4,23,0,1,0,1,4,0
16,9942,2,0,1,4,2,1,1,0,1,46,0,3,0,0,0,1
16,9942,2,0,1,4,2,1,0,0,1,46,0,3,0,0,0,1
17,10010,3,3,4,1,0,4,1,1,9,21,0,2,0,0,0,1
17,10010,3,3,4,1,0,4,0,1,9,21,0,2,0,0,0,1
17,10536,10,10,9,10,10,9,0,1,9,26,0,2,0,0,8,1
17,10536,10,10,9,10,10,9,1,1,9,26,0,2,0,0,8,1
17,10920,9,7,7,7,10,9,1,0,5,34,0,1,0,0,4,1
17,10920,9,7,7,7,10,9,0,0,5,34,0,1,0,0,4,1
17,10997,0,0,0,2,0,1,1,0,3,23,0,2,0,0,0,1
17,10997,0,0,0,2,0,1,0,0,3,23,0,2,0,0,0,1
17,156,10,9,8,9,10,9,1,1,6,24,0,1,0,1,8,1
17,156,10,9,8,9,10,9,0,1,6,24,0,1,0,1,8,1
17,2153,9,9,8,8,10,9,1,1,8,22,0,2,0,0,3,1
17,2153,9,9,8,8,10,9,0,1,8,22,0,2,0,0,3,1
17,2211,10,10,9,9,10,10,0,1,7,24,0,2,0,0,5,1
17,2211,10,10,9,9,10,10,1,1,7,24,0,2,0,0,5,1
17,222,1,1,2,2,0,1,0,0,1,43,1,1,0,0,0,0
17,222,1,1,2,2,0,1,1,0,1,43,1,1,0,0,0,0
17,2410,8,7,8,9,4,9,1,0,4,33,1,3,0,0,2,0
17,2410,8,7,8,9,4,9,0,0,4,33,1,3,0,0,2,0
17,2448,5,5,6,4,4,2,0,1,8,21,0,2,0,0,0,1
17,2448,5,5,6,4,4,2,1,1,8,21,0,2,0,0,0,1
17,2514,10,10,9,10,9,9,1,1,9,35,0,2,0,1,23,1
17,2514,10,10,9,10,9,9,0,1,9,35,0,2,0,1,23,1
17,2767,4,7,8,2,3,5,0,1,1,67,0,1,0,0,2,0
17,2767,4,7,8,2,3,5,1,1,1,67,0,1,0,0,2,0
17,2820,0,0,2,0,0,1,0,0,1,66,0,1,0,0,0,0
17,2820,0,0,2,0,0,1,1,0,1,66,0,1,0,0,0,0
17,3229,7,7,9,7,8,8,0,0,5,26,0,1,0,0,2,1
17,3229,7,7,9,7,8,8,1,0,5,26,0,1,0,0,2,1
17,3676,6,7,6,4,3,4,1,0,5,50,0,2,0,0,1,1
17,3676,6,7,6,4,3,4,0,0,5,50,0,2,0,0,1,1
17,4596,0,0,2,0,1,1,0,1,1,52,0,2,0,0,0,0
17,4596,0,0,2,0,1,1,1,1,1,52,0,2,0,0,0,0
17,5515,3,2,4,0,3,3,1,0,1,45,0,2,0,0,1,0
17,5515,3,2,4,0,3,3,0,0,1,45,0,2,0,0,1,0
17,5818,3,3,2,1,2,4,0,0,5,23,0,2,0,0,0,1
17,5818,3,3,2,1,2,4,1,0,5,23,0,2,0,0,0,1
17,6056,10,9,10,10,10,10,0,1,8,31,0,1,0,0,17,1
17,6056,10,9,10,10,10,10,1,1,8,31,0,1,0,0,17,1
17,6818,0,0,1,0,0,1,0,1,4,51,1,1,0,0,0,0
17,6818,0,0,1,0,0,1,1,1,4,51,1,1,0,0,0,0
17,6911,1,3,1,1,0,1,1,1,4,20,0,3,0,0,0,0
17,6911,1,3,1,1,0,1,0,1,4,20,0,3,0,0,0,0
17,7455,5,8,5,6,4,6,0,0,7,22,0,2,0,0,0,1
17,7455,5,8,5,6,4,6,1,0,7,22,0,2,0,0,0,1
17,7615,2,3,3,1,0,4,0,0,1,34,0,2,0,0,0,1
17,7615,2,3,3,1,0,4,1,0,1,34,0,2,0,0,0,1
17,8416,8,7,7,4,8,4,0,0,3,24,1,2,0,0,0,1
17,8416,8,7,7,4,8,4,1,0,3,24,1,2,0,0,0,1
17,8747,10,10,9,10,10,10,0,1,9,25,0,1,0,0,5,1
17,8747,10,10,9,10,10,10,1,1,9,25,0,1,0,0,5,1
18,10645,1,1,1,2,4,1,0,0,7,31,0,2,0,0,0,1
18,10645,1,1,1,2,4,1,1,0,7,31,0,2,0,0,0,1
18,10841,1,0,0,1,2,2,0,1,1,27,0,2,0,0,0,0
18,10841,1,0,0,1,2,2,1,1,1,27,0,2,0,0,0,0
18,10946,6,5,2,2,1,5,1,0,5,27,0,2,0,0,1,0
18,10946,6,5,2,2,1,5,0,0,5,27,0,2,0,0,1,0
18,2053,0,0,0,2,1,2,0,0,7,23,0,2,0,0,0,0
18,2053,0,0,0,2,1,2,1,0,7,23,0,2,0,0,0,0
18,2216,6,6,4,4,6,7,1,0,2,44,0,2,0,0,2,1
18,2216,6,6,4,4,6,7,0,0,2,44,0,2,0,0,2,1
18,2613,0,2,4,1,4,2,1,0,1,46,0,1,0,0,0,1
18,2613,0,2,4,1,4,2,0,0,1,46,0,1,0,0,0,1
18,2723,9,10,9,9,9,7,1,1,6,25,0,2,0,0,4,1
18,2723,9,10,9,9,9,7,0,1,6,25,0,2,0,0,4,1
18,2794,10,9,10,9,9,8,0,1,4,27,0,1,0,1,4,0
18,2794,10,9,10,9,9,8,1,1,4,27,0,1,0,1,4,0
18,364,3,2,0,4,3,1,1,0,3,25,0,2,0,0,0,1
18,364,3,2,0,4,3,1,0,0,3,25,0,2,0,0,0,1
18,3847,9,10,9,9,8,5,0,1,7,22,0,2,1,0,2,1
18,3847,9,10,9,9,8,5,1,1,7,22,0,2,1,0,2,1
18,400,1,0,0,2,2,1,0,1,4,23,1,2,0,0,0,1
18,400,1,0,0,2,2,1,1,1,4,23,1,2,0,0,0,1
18,4164,9,10,6,10,9,10,0,0,4,40,1,1,0,0,4,1
18,4164,9,10,6,10,9,10,1,0,4,40,1,1,0,0,4,1
18,4368,9,6,6,7,8,7,1,1,4,22,0,3,0,0,1,1
18,4368,9,6,6,7,8,7,0,1,4,22,0,3,0,0,1,1
18,4719,0,0,1,1,1,3,0,0,1,29,0,1,0,0,0,0
18,4719,0,0,1,1,1,3,1,0,1,29,0,1,0,0,0,0
18,4971,8,10,8,9,9,9,1,1,7,19,0,2,0,1,2,1
18,4971,8,10,8,9,9,9,0,1,7,19,0,2,0,1,2,1
18,6766,10,10,10,9,10,10,0,1,8,29,0,2,0,1,8,1
18,6766,10,10,10,9,10,10,1,1,8,29,0,2,0,1,8,1
18,7269,1,0,1,0,0,1,0,0,1,57,1,1,0,0,0,0
18,7269,1,0,1,0,0,1,1,0,1,57,1,1,0,0,0,0
18,7411,10,9,10,9,9,9,0,0,9,30,0,2,0,0,5,0
18,7411,10,9,10,9,9,9,1,0,9,30,0,2,0,0,5,0
18,8205,3,0,2,1,3,2,1,1,2,41,0,1,0,0,0,1
18,8205,3,0,2,1,3,2,0,1,2,41,0,1,0,0,0,1
18,8358,3,2,1,0,1,0,1,0,6,21,1,2,0,0,0,1
18,8358,3,2,1,0,1,0,0,0,6,21,1,2,0,0,0,1
18,8501,10,10,10,10,10,10,0,1,10,33,0,2,0,0,14,1
18,8501,10,10,10,10,10,10,1,1,10,33,0,2,0,0,14,1
18,8832,7,9,9,9,10,7,1,1,5,24,0,2,0,0,2,1
18,8832,7,9,9,9,10,7,0,1,5,24,0,2,0,0,2,1
18,9219,10,9,9,10,9,10,1,0,7,28,0,2,0,0,7,0
18,9219,10,9,9,10,9,10,0,0,7,28,0,2,0,0,7,0
18,9235,3,7,3,2,1,2,0,0,1,56,0,1,0,0,1,1
18,9235,3,7,3,2,1,2,1,0,1,56,0,1,0,0,1,1
18,9277,0,0,0,1,1,2,0,0,3,27,1,2,0,0,0,0
18,9277,0,0,0,1,1,2,1,0,3,27,1,2,0,0,0,0
19,101,7,6,7,7,7,6,0,1,1,45,0,3,0,0,6,1
19,101,7,6,7,7,7,6,1,1,1,45,0,3,0,0,6,1
19,10277,10,8,10,9,9,10,1,0,7,30,0,2,0,1,14,1
19,10277,10,8,10,9,9,10,0,0,7,30,0,2,0,1,14,1
19,10302,8,10,7,8,8,10,1,0,2,61,0,2,0,0,14,0
19,10302,8,10,7,8,8,10,0,0,2,61,0,2,0,0,14,0
19,10336,5,4,9,5,7,8,0,1,8,29,0,2,1,0,3,0
19,10336,5,4,9,5,7,8,1,1,8,29,0,2,1,0,3,0
19,10383,9,8,10,8,10,8,0,1,9,27,0,2,0,0,10,1
19,10383,9,8,10,8,10,8,1,1,9,27,0,2,0,0,10,1
19,10412,0,1,1,1,1,0,0,0,1,49,0,1,0,0,0,1
19,10412,0,1,1,1,1,0,1,0,1,49,0,1,0,0,0,1
19,10673,9,10,10,9,8,10,0,1,7,29,1,2,0,1,7,1
19,10673,9,10,10,9,8,10,1,1,7,29,1,2,0,1,7,1
19,1146,7,6,10,5,7,9,0,1,7,26,0,2,0,0,4,1
19,1146,7,6,10,5,7,9,1,1,7,26,0,2,0,0,4,1
19,1343,4,6,9,4,6,7,0,1,6,24,0,3,0,0,3,1
19,1343,4,6,9,4,6,7,1,1,6,24,0,3,0,0,3,1
19,1576,10,10,10,9,9,9,0,1,8,42,0,2,1,0,13,0
19,1576,10,10,10,9,9,9,1,1,8,42,0,2,1,0,13,0
19,2076,5,7,8,6,9,8,1,1,10,30,0,2,0,0,7,1
19,2076,5,7,8,6,9,8,0,1,10,30,0,2,0,0,7,1
19,2329,10,10,10,9,9,10,1,1,10,25,0,2,0,4,14,1
19,2329,10,10,10,9,9,10,0,1,10,25,0,2,0,4,14,1
19,2809,0,0,1,1,2,1,1,0,3,23,0,2,0,0,0,1
19,2809,0,0,1,1,2,1,0,0,3,23,0,2,0,0,0,1
19,320,10,10,10,9,10,10,1,0,9,38,0,2,0,0,15,1
19,320,10,10,10,9,10,10,0,0,9,38,0,2,0,0,15,1
19,3751,9,10,10,9,10,10,0,1,10,41,0,2,2,0,18,0
19,3751,9,10,10,9,10,10,1,1,10,41,0,2,2,0,18,0
19,3788,1,1,1,3,1,0,0,0,4,39,0,1,0,0,0,1
19,3788,1,1,1,3,1,0,1,0,4,39,0,1,0,0,0,1
19,4692,0,0,0,2,2,0,0,0,1,47,0,1,0,0,0,0
19,4692,0,0,0,2,2,0,1,0,1,47,0,1,0,0,0,0
19,5669,10,10,10,9,9,10,0,1,8,32,0,2,0,0,17,1
19,5669,10,10,10,9,9,10,1,1,8,32,0,2,0,0,17,1
19,5754,9,10,10,9,9,10,0,1,4,34,0,2,0,0,13,1
19,5754,9,10,10,9,9,10,1,1,4,34,0,2,0,0,13,1
19,6094,10,9,9,9,9,9,0,1,10,30,0,1,0,0,7,1
19,6094,10,9,9,9,9,9,1,1,10,30,0,1,0,0,7,1
19,6267,0,1,0,2,1,0,1,1,1,51,1,1,0,0,0,0
19,6267,0,1,0,2,1,0,0,1,1,51,1,1,0,0,0,0
19,6805,0,1,4,3,2,0,0,1,3,22,0,2,0,0,0,1
19,6805,0,1,4,3,2,0,1,1,3,22,0,2,0,0,0,1
19,7298,0,1,6,1,1,2,0,0,2,42,1,2,0,0,1,1
19,7298,0,1,6,1,1,2,1,0,2,42,1,2,0,0,1,1
19,837,2,4,5,1,3,4,0,1,6,46,0,1,0,0,2,1
19,837,2,4,5,1,3,4,1,1,6,46,0,1,0,0,2,1
19,9221,6,9,10,6,5,10,0,1,7,22,0,1,0,0,3,1
19,9221,6,9,10,6,5,10,1,1,7,22,0,1,0,0,3,1
2,10502,0,0,0,2,3,0,0,0,1,31,0,1,0,0,0,1
2,10502,0,0,0,2,3,0,1,0,1,31,0,1,0,0,0,1
2,1066,5,5,8,3,3,2,0,0,2,40,0,1,0,0,1,1
2,1066,5,5,8,3,3,2,1,0,2,40,0,1,0,0,1,1
2,1103,4,0,2,3,4,1,0,0,8,22,0,2,0,0,0,1
2,1103,4,0,2,3,4,1,1,0,8,22,0,2,0,0,0,1
2,1941,2,0,2,1,0,0,1,0,1,28,0,2,0,0,0,0
2,1941,2,0,2,1,0,0,0,0,1,28,0,2,0,0,0,0
2,2002,10,10,10,8,8,9,0,0,5,49,0,1,0,0,12,0
2,2002,10,10,10,8,8,9,1,0,5,49,0,1,0,0,12,0
2,3010,1,0,1,0,0,0,1,0,1,58,0,1,0,0,0,0
2,3010,1,0,1,0,0,0,0,0,1,58,0,1,0,0,0,0
2,3248,9,9,9,7,7,8,0,1,1,70,0,1,0,0,11,1
2,3248,9,9,9,7,7,8,1,1,1,70,0,1,0,0,11,1
2,375,10,9,10,7,6,8,0,0,2,30,0,1,0,0,4,1
2,375,10,9,10,7,6,8,1,0,2,30,0,1,0,0,4,1
2,3854,6,6,9,4,5,5,0,1,3,22,0,2,0,0,1,1
2,3854,6,6,9,4,5,5,1,1,3,22,0,2,0,0,1,1
2,408,2,4,6,3,4,4,1,0,3,22,1,1,0,0,1,1
2,408,2,4,6,3,4,4,0,0,3,22,1,1,0,0,1,1
2,4098,10,9,9,7,8,9,0,1,4,26,0,2,0,0,4,1
2,4098,10,9,9,7,8,9,1,1,4,26,0,2,0,0,4,1
2,4546,2,1,4,4,3,1,1,1,1,32,0,2,0,0,0,1
2,4546,2,1,4,4,3,1,0,1,1,32,0,2,0,0,0,1
2,4640,10,10,10,10,8,9,0,1,10,25,0,2,0,1,10,1
2,4640,10,10,10,10,8,9,1,1,10,25,0,2,0,1,10,1
2,4860,0,0,2,1,2,1,0,0,2,24,1,2,0,0,0,0
2,4860,0,0,2,1,2,1,1,0,2,24,1,2,0,0,0,0
2,4943,10,10,10,9,9,8,1,1,9,46,0,2,1,0,9,1
2,4943,10,10,10,9,9,8,0,1,9,46,0,2,1,0,9,1
2,4977,10,10,10,9,9,9,0,1,7,39,0,1,6,1,17,1
2,4977,10,10,10,9,9,9,1,1,7,39,0,1,6,1,17,1
2,4991,10,10,10,9,10,9,1,1,3,58,0,2,0,0,10,1
2,4991,10,10,10,9,10,9,0,1,3,58,0,2,0,0,10,1
2,5049,1,2,2,2,1,0,1,0,2,26,1,1,0,0,0,0
2,5049,1,2,2,2,1,0,0,0,2,26,1,1,0,0,0,0
2,5765,10,10,10,9,9,9,1,0,9,51,0,2,1,0,19,1
2,5765,10,10,10,9,9,9,0,0,9,51,0,2,1,0,19,1
2,7834,5,3,3,3,3,2,0,0,2,33,0,2,0,0,1,1
2,7834,5,3,3,3,3,2,1,0,2,33,0,2,0,0,1,1
2,7897,0,0,2,2,0,1,0,1,5,24,1,1,0,0,0,0
2,7897,0,0,2,2,0,1,1,1,5,24,1,1,0,0,0,0
2,7920,0,2,3,3,2,0,0,0,4,22,0,2,0,0,0,1
2,7920,0,2,3,3,2,0,1,0,4,22,0,2,0,0,0,1
2,794,10,10,10,8,8,9,1,1,5,29,0,2,0,0,5,1
2,794,10,10,10,8,8,9,0,1,5,29,0,2,0,0,5,1
2,8046,10,10,10,9,9,9,0,1,10,27,0,2,0,0,13,1
2,8046,10,10,10,9,9,9,1,1,10,27,0,2,0,0,13,1
2,913,8,9,9,7,8,6,0,1,8,31,0,2,0,0,3,0
2,913,8,9,9,7,8,6,1,1,8,31,0,2,0,0,3,0
20,10012,8,8,6,8,8,7,1,1,6,24,1,2,0,0,2,1
20,10012,8,8,6,8,8,7,0,1,6,24,1,2,0,0,2,1
20,10289,1,1,5,2,2,3,1,1,8,36,0,1,0,0,0,1
20,10289,1,1,5,2,2,3,0,1,8,36,0,1,0,0,0,1
20,10377,2,3,0,0,2,2,0,0,1,41,0,1,0,0,0,1
20,10377,2,3,0,0,2,2,1,0,1,41,0,1,0,0,0,1
20,1215,0,0,0,0,1,0,1,0,1,83,0,3,0,0,0,0
20,1215,0,0,0,0,1,0,0,0,1,83,0,3,0,0,0,0
20,1283,5,6,7,6,6,7,1,1,9,21,0,2,0,1,1,1
20,1283,5,6,7,6,6,7,0,1,9,21,0,2,0,1,1,1
20,1331,10,10,10,10,10,10,0,1,10,23,0,2,0,3,6,1
20,1331,10,10,10,10,10,10,1,1,10,23,0,2,0,3,6,1
20,173,9,8,9,9,8,10,1,1,5,33,0,2,0,0,5,1
20,173,9,8,9,9,8,10,0,1,5,33,0,2,0,0,5,1
20,203,0,0,0,1,0,0,0,0,2,24,1,2,0,0,0,0
20,203,0,0,0,1,0,0,1,0,2,24,1,2,0,0,0,0
20,2310,8,9,9,10,9,8,0,0,2,28,0,2,0,0,3,1
20,2310,8,9,9,10,9,8,1,0,2,28,0,2,0,0,3,1
20,3205,6,4,6,5,5,4,0,0,1,49,0,1,0,0,2,0
20,3205,6,4,6,5,5,4,1,0,1,49,0,1,0,0,2,0
20,3273,5,6,6,4,4,7,1,1,9,21,0,2,0,0,1,1
20,3273,5,6,6,4,4,7,0,1,9,21,0,2,0,0,1,1
20,3285,9,9,10,9,9,9,1,1,5,46,0,2,0,0,5,1
20,3285,9,9,10,9,9,9,0,1,5,46,0,2,0,0,5,1
20,3511,1,1,1,2,2,1,1,0,3,23,0,1,0,0,0,1
20,3511,1,1,1,2,2,1,0,0,3,23,0,1,0,0,0,1
20,3869,1,2,1,0,0,1,0,0,4,26,0,2,0,0,0,0
20,3869,1,2,1,0,0,1,1,0,4,26,0,2,0,0,0,0
20,3919,6,6,8,7,7,8,1,1,5,46,0,4,0,0,3,1
20,3919,6,6,8,7,7,8,0,1,5,46,0,4,0,0,3,1
20,4774,0,1,1,0,1,1,1,0,1,61,0,1,0,0,0,0
20,4774,0,1,1,0,1,1,0,0,1,61,0,1,0,0,0,0
20,4809,8,10,8,10,9,8,0,1,7,39,1,1,0,0,8,1
20,4809,8,10,8,10,9,8,1,1,7,39,1,1,0,0,8,1
20,5103,10,10,10,10,10,10,0,0,9,30,0,3,0,0,7,1
20,5103,10,10,10,10,10,10,1,0,9,30,0,3,0,0,7,1
20,6315,8,9,10,9,10,9,0,1,3,30,0,2,0,0,9,1
20,6315,8,9,10,9,10,9,1,1,3,30,0,2,0,0,9,1
20,7023,6,7,7,6,5,6,1,0,5,25,0,1,0,0,2,1
20,7023,6,7,7,6,5,6,0,0,5,25,0,1,0,0,2,1
20,8207,8,8,9,7,9,7,1,1,2,31,0,1,0,0,3,0
20,8207,8,8,9,7,9,7,0,1,2,31,0,1,0,0,3,0
20,9337,3,7,1,4,2,3,1,0,5,44,0,1,0,0,1,1
20,9337,3,7,1,4,2,3,0,0,5,44,0,1,0,0,1,1
20,9442,6,3,4,2,1,3,1,1,8,25,0,2,0,0,1,1
20,9442,6,3,4,2,1,3,0,1,8,25,0,2,0,0,1,1
20,9581,0,1,0,2,1,0,0,0,3,23,1,2,0,0,0,1
20,9581,0,1,0,2,1,0,1,0,3,23,1,2,0,0,0,1
20,9875,10,8,9,9,9,8,1,1,1,31,0,2,0,1,3,1
20,9875,10,8,9,9,9,8,0,1,1,31,0,2,0,1,3,1
21,10011,9,9,8,9,7,6,0,1,3,45,0,2,0,0,4,0
21,10011,9,9,8,9,7,6,1,1,3,45,0,2,0,0,4,0
21,10044,1,2,0,0,2,0,1,1,2,34,0,1,0,0,0,0
21,10044,1,2,0,0,2,0,0,1,2,34,0,1,0,0,0,0
21,1022,2,2,0,1,0,0,1,0,1,31,1,2,0,0,0,0
21,1022,2,2,0,1,0,0,0,0,1,31,1,2,0,0,0,0
21,1441,6,8,3,4,5,2,0,1,5,30,0,2,0,0,1,0
21,1441,6,8,3,4,5,2,1,1,5,30,0,2,0,0,1,0
21,1642,5,7,5,5,6,2,0,0,6,29,0,1,0,0,1,0
21,1642,5,7,5,5,6,2,1,0,6,29,0,1,0,0,1,0
21,1741,9,8,9,9,10,9,0,1,6,24,0,2,0,0,5,1
21,1741,9,8,9,9,10,9,1,1,6,24,0,2,0,0,5,1
21,2182,6,5,8,7,8,5,1,1,6,26,1,2,0,0,1,1
21,2182,6,5,8,7,8,5,0,1,6,26,1,2,0,0,1,1
21,2393,4,6,3,3,5,3,1,0,3,22,0,2,0,0,0,1
21,2393,4,6,3,3,5,3,0,0,3,22,0,2,0,0,0,1
21,2910,4,2,1,1,1,1,0,0,4,42,0,1,0,0,0,0
21,2910,4,2,1,1,1,1,1,0,4,42,0,1,0,0,0,0
21,3115,10,8,10,10,10,10,1,0,4,40,1,2,0,0,7,0
21,3115,10,8,10,10,10,10,0,0,4,40,1,2,0,0,7,0
21,3635,7,9,6,8,7,8,0,0,4,24,1,2,0,0,2,1
21,3635,7,9,6,8,7,8,1,0,4,24,1,2,0,0,2,1
21,3957,8,8,5,4,4,3,1,0,2,24,0,3,0,0,1,0
21,3957,8,8,5,4,4,3,0,0,2,24,0,3,0,0,1,0
21,4105,10,10,10,10,10,10,0,1,9,33,0,1,0,0,7,1
21,4105,10,10,10,10,10,10,1,1,9,33,0,1,0,0,7,1
21,4841,1,1,0,0,0,0,1,0,1,55,0,1,0,0,0,0
21,4841,1,1,0,0,0,0,0,0,1,55,0,1,0,0,0,0
21,7324,1,2,2,0,0,1,1,0,1,30,0,1,0,0,0,1
21,7324,1,2,2,0,0,1,0,0,1,30,0,1,0,0,0,1
21,7412,1,2,2,1,1,1,1,1,2,28,0,1,0,0,0,1
21,7412,1,2,2,1,1,1,0,1,2,28,0,1,0,0,0,1
21,7678,9,10,10,10,10,10,0,1,7,28,0,2,0,2,7,1
21,7678,9,10,10,10,10,10,1,1,7,28,0,2,0,2,7,1
21,8517,4,1,1,0,0,0,0,1,3,23,0,2,0,0,0,0
21,8517,4,1,1,0,0,0,1,1,3,23,0,2,0,0,0,0
21,855,5,4,5,2,2,1,1,0,1,38,0,2,0,0,0,1
21,855,5,4,5,2,2,1,0,0,1,38,0,2,0,0,0,1
21,8938,3,2,1,0,0,1,0,0,5,48,1,2,0,0,0,0
21,8938,3,2,1,0,0,1,1,0,5,48,1,2,0,0,0,0
21,921,5,7,5,4,2,3,0,0,7,30,0,2,0,0,1,0
21,921,5,7,5,4,2,3,1,0,7,30,0,2,0,0,1,0
21,9295,8,9,9,10,8,7,1,0,2,30,0,3,0,0,2,1
21,9295,8,9,9,10,8,7,0,0,2,30,0,3,0,0,2,1
21,9435,7,9,8,10,10,9,1,0,5,24,0,1,0,0,3,1
21,9435,7,9,8,10,10,9,0,0,5,24,0,1,0,0,3,1
21,9501,3,5,0,1,1,1,0,0,1,45,0,3,0,0,0,0
21,9501,3,5,0,1,1,1,1,0,1,45,0,3,0,0,0,0
21,9644,4,5,2,4,3,1,0,0,6,22,0,2,0,0,0,0
21,9644,4,5,2,4,3,1,1,0,6,22,0,2,0,0,0,0
22,10220,3,5,7,6,5,2,1,0,3,24,0,2,0,0,1,1
22,10220,3,5,7,6,5,2,0,0,3,24,0,2,0,0,1,1
22,10423,8,7,9,7,10,7,1,1,2,28,0,1,0,0,2,1
22,10423,8,7,9,7,10,7,0,1,2,28,0,1,0,0,2,1
22,10748,4,7,3,5,5,1,1,0,1,44,0,1,0,0,1,0
22,10748,4,7,3,5,5,1,0,0,1,44,0,1,0,0,1,0
22,1195,8,9,9,7,9,6,0,0,7,37,1,2,0,0,3,1
22,1195,8,9,9,7,9,6,1,0,7,37,1,2,0,0,3,1
22,1361,8,8,10,9,9,8,1,1,3,27,0,2,0,0,5,0
22,1361,8,8,10,9,9,8,0,1,3,27,0,2,0,0,5,0
22,1490,10,10,10,8,8,6,1,1,4,30,0,2,0,0,4,0
22,1490,10,10,10,8,8,6,0,1,4,30,0,2,0,0,4,0
22,2034,5,5,7,4,9,5,0,0,2,37,0,1,0,0,2,1
22,2034,5,5,7,4,9,5,1,0,2,37,0,1,0,0,2,1
22,2525,2,3,1,2,1,0,0,0,2,28,0,1,0,0,0,1
22,2525,2,3,1,2,1,0,1,0,2,28,0,1,0,0,0,1
22,2703,8,7,7,7,9,5,1,0,7,51,0,2,0,0,3,1
22,2703,8,7,7,7,9,5,0,0,7,51,0,2,0,0,3,1
22,282,10,10,10,8,10,9,1,1,4,45,0,1,0,0,8,0
22,282,10,10,10,8,10,9,0,1,4,45,0,1,0,0,8,0
22,3647,5,5,7,3,5,4,1,0,3,20,0,2,0,0,0,1
22,3647,5,5,7,3,5,4,0,0,3,20,0,2,0,0,0,1
22,4161,2,2,1,3,0,0,1,1,1,54,0,2,0,0,0,0
22,4161,2,2,1,3,0,0,0,1,1,54,0,2,0,0,0,0
22,4629,4,3,0,1,3,1,0,1,1,55,0,1,0,0,0,0
22,4629,4,3,0,1,3,1,1,1,1,55,0,1,0,0,0,0
22,5270,4,2,0,1,3,1,0,0,4,31,0,2,0,0,0,0
22,5270,4,2,0,1,3,1,1,0,4,31,0,2,0,0,0,0
22,5500,10,10,8,9,7,5,1,0,4,72,0,1,0,0,7,1
22,5500,10,10,8,9,7,5,0,0,4,72,0,1,0,0,7,1
22,6189,5,5,4,5,4,2,1,0,2,46,1,1,0,0,1,1
22,6189,5,5,4,5,4,2,0,0,2,46,1,1,0,0,1,1
22,6207,1,0,0,3,0,1,1,1,8,38,0,2,0,0,0,0
22,6207,1,0,0,3,0,1,0,1,8,38,0,2,0,0,0,0
22,6240,4,5,3,5,3,0,1,0,1,50,0,2,0,0,0,1
22,6240,4,5,3,5,3,0,0,0,1,50,0,2,0,0,0,1
22,6884,3,5,1,2,2,0,0,0,8,29,0,1,0,0,0,1
22,6884,3,5,1,2,2,0,1,0,8,29,0,1,0,0,0,1
22,7032,3,3,5,4,3,1,0,0,2,58,1,1,0,0,1,0
22,7032,3,3,5,4,3,1,1,0,2,58,1,1,0,0,1,0
22,726,6,8,10,7,8,6,0,1,6,34,0,1,0,0,4,1
22,726,6,8,10,7,8,6,1,1,6,34,0,1,0,0,4,1
22,8162,3,7,3,1,5,1,0,0,2,48,0,4,0,0,0,1
22,8162,3,7,3,1,5,1,1,0,2,48,0,4,0,0,0,1
22,838,2,2,2,2,3,1,0,0,3,44,0,2,0,0,1,0
22,838,2,2,2,2,3,1,1,0,3,44,0,2,0,0,1,0
22,9407,8,8,10,9,8,9,1,0,7,40,0,2,0,0,20,1
22,9407,8,8,10,9,8,9,0,0,7,40,0,2,0,0,20,1
22,9634,10,10,9,10,10,8,0,0,3,24,0,3,0,0,2,1
22,9634,10,10,9,10,10,8,1,0,3,24,0,3,0,0,2,1
23,10390,8,8,10,9,9,9,1,1,4,29,0,1,0,0,3,1
23,10390,8,8,10,9,9,9,0,1,4,29,0,1,0,0,3,1
23,10762,5,6,4,2,2,4,1,0,4,26,1,3,0,0,1,0
23,10762,5,6,4,2,2,4,0,0,4,26,1,3,0,0,1,0
23,10783,1,1,0,0,0,1,0,0,1,66,0,1,0,0,0,0
23,10783,1,1,0,0,0,1,1,0,1,66,0,1,0,0,0,0
23,10824,7,7,7,4,6,7,1,1,4,23,1,2,0,0,1,1
23,10824,7,7,7,4,6,7,0,1,4,23,1,2,0,0,1,1
23,10919,9,9,10,9,10,10,1,1,6,35,0,2,0,0,12,0
23,10919,9,9,10,9,10,10,0,1,6,35,0,2,0,0,12,0
23,1159,1,0,1,1,1,1,0,0,1,53,1,2,0,0,0,1
23,1159,1,0,1,1,1,1,1,0,1,53,1,2,0,0,0,1
23,1286,9,8,9,9,10,10,1,1,4,24,0,1,0,2,3,1
23,1286,9,8,9,9,10,10,0,1,4,24,0,1,0,2,3,1
23,1833,4,2,4,0,0,1,0,0,3,24,0,4,0,0,0,1
23,1833,4,2,4,0,0,1,1,0,3,24,0,4,0,0,0,1
23,2572,8,9,8,7,8,8,1,1,5,28,1,2,0,0,2,1
23,2572,8,9,8,7,8,8,0,1,5,28,1,2,0,0,2,1
23,3234,10,10,10,10,10,9,0,0,1,39,0,1,0,0,8,1
23,3234,10,10,10,10,10,9,1,0,1,39,0,1,0,0,8,1
23,3510,9,9,10,10,10,9,0,1,9,36,0,1,1,0,10,0
23,3510,9,9,10,10,10,9,1,1,9,36,0,1,1,0,10,0
23,4461,8,7,7,9,10,7,1,0,1,64,0,1,0,0,8,1
23,4461,8,7,7,9,10,7,0,0,1,64,0,1,0,0,8,1
23,4703,3,4,2,2,1,2,1,1,2,25,0,3,0,0,0,1
23,4703,3,4,2,2,1,2,0,1,2,25,0,3,0,0,0,1
23,505,2,5,5,1,2,5,1,0,1,29,0,2,0,0,0,1
23,505,2,5,5,1,2,5,0,0,1,29,0,2,0,0,0,1
23,5213,9,8,9,7,7,9,1,0,2,33,0,3,0,0,3,0
23,5213,9,8,9,7,7,9,0,0,2,33,0,3,0,0,3,0
23,5217,2,3,2,0,2,3,0,1,1,37,0,2,0,0,0,1
23,5217,2,3,2,0,2,3,1,1,1,37,0,2,0,0,0,1
23,526,5,5,5,5,3,5,0,0,6,21,1,1,0,0,0,1
23,526,5,5,5,5,3,5,1,0,6,21,1,1,0,0,0,1
23,5352,3,4,1,0,1,1,1,1,2,24,0,2,0,0,0,0
23,5352,3,4,1,0,1,1,0,1,2,24,0,2,0,0,0,0
23,5917,5,3,4,2,4,6,0,1,4,32,0,2,0,0,1,0
23,5917,5,3,4,2,4,6,1,1,4,32,0,2,0,0,1,0
23,7219,9,9,10,8,10,9,0,0,4,32,0,2,0,0,3,1
23,7219,9,9,10,8,10,9,1,0,4,32,0,2,0,0,3,1
23,7224,5,7,6,3,4,6,0,1,3,24,0,2,0,0,1,1
23,7224,5,7,6,3,4,6,1,1,3,24,0,2,0,0,1,1
23,8528,6,7,6,2,5,7,0,0,2,32,0,2,0,0,1,1
23,8528,6,7,6,2,5,7,1,0,2,32,0,2,0,0,1,1
23,9428,9,10,10,10,10,9,1,0,2,52,0,1,0,0,7,0
23,9428,9,10,10,10,10,9,0,0,2,52,0,1,0,0,7,0
23,9690,4,4,6,1,1,3,0,0,2,26,1,2,0,0,0,0
23,9690,4,4,6,1,1,3,1,0,2,26,1,2,0,0,0,0
23,9844,7,8,6,6,4,6,0,1,1,51,0,1,0,0,2,1
23,9844,7,8,6,6,4,6,1,1,1,51,0,1,0,0,2,1
24,10137,1,1,1,1,2,2,0,0,7,32,0,2,0,0,0,1
24,10137,1,1,1,1,2,2,1,0,7,32,0,2,0,0,0,1
24,10150,9,8,10,7,9,8,0,1,2,28,0,2,0,0,3,0
24,10150,9,8,10,7,9,8,1,1,2,28,0,2,0,0,3,0
24,10591,10,9,9,7,6,9,0,1,5,40,0,1,0,0,4,1
24,10591,10,9,9,7,6,9,1,1,5,40,0,1,0,0,4,1
24,10700,10,10,10,10,10,10,1,1,10,36,0,2,1,2,14,1
24,10700,10,10,10,10,10,10,0,1,10,36,0,2,1,2,14,1
24,1166,9,9,9,8,10,8,0,1,9,27,0,2,0,0,4,1
24,1166,9,9,9,8,10,8,1,1,9,27,0,2,0,0,4,1
24,2228,10,9,10,10,10,10,0,1,4,19,0,2,0,2,3,1
24,2228,10,9,10,10,10,10,1,1,4,19,0,2,0,2,3,1
24,4117,3,3,2,1,2,3,0,0,1,48,1,1,0,0,1,0
24,4117,3,3,2,1,2,3,1,0,1,48,1,1,0,0,1,0
24,42,10,9,9,8,7,8,0,1,8,32,0,2,0,0,4,1
24,42,10,9,9,8,7,8,1,1,8,32,0,2,0,0,4,1
24,4290,1,3,5,2,2,3,1,0,1,29,0,2,0,0,1,0
24,4290,1,3,5,2,2,3,0,0,1,29,0,2,0,0,1,0
24,5985,0,0,1,0,0,3,1,0,1,65,0,1,0,0,0,0
24,5985,0,0,1,0,0,3,0,0,1,65,0,1,0,0,0,0
24,6171,0,2,1,2,2,3,1,0,1,45,1,2,0,0,1,1
24,6171,0,2,1,2,2,3,0,0,1,45,1,2,0,0,1,1
24,685,7,5,6,4,4,9,0,1,10,46,1,2,0,0,2,1
24,685,7,5,6,4,4,9,1,1,10,46,1,2,0,0,2,1
24,7199,5,3,5,3,2,5,0,0,6,28,0,2,0,0,1,1
24,7199,5,3,5,3,2,5,1,0,6,28,0,2,0,0,1,1
24,7437,10,10,10,10,8,10,0,1,10,29,1,1,0,0,20,1
24,7437,10,10,10,10,8,10,1,1,10,29,1,1,0,0,20,1
24,7517,0,0,0,1,0,1,0,0,1,41,1,2,0,0,0,0
24,7517,0,0,0,1,0,1,1,0,1,41,1,2,0,0,0,0
24,7830,7,7,6,3,5,9,1,1,5,31,1,2,0,0,2,1
24,7830,7,7,6,3,5,9,0,1,5,31,1,2,0,0,2,1
24,8532,7,5,6,6,5,8,1,0,2,30,0,2,0,0,1,1
24,8532,7,5,6,6,5,8,0,0,2,30,0,2,0,0,1,1
24,9328,2,0,0,0,0,1,1,0,1,41,1,3,0,0,0,1
24,9328,2,0,0,0,0,1,0,0,1,41,1,3,0,0,0,1
24,9336,10,10,10,7,9,10,0,0,4,26,0,2,0,0,5,1
24,9336,10,10,10,7,9,10,1,0,4,26,0,2,0,0,5,1
24,9399,10,8,6,6,5,9,0,1,3,43,0,3,0,0,3,0
24,9399,10,8,6,6,5,9,1,1,3,43,0,3,0,0,3,0
24,9467,2,2,3,1,2,1,1,1,7,22,0,2,0,0,0,1
24,9467,2,2,3,1,2,1,0,1,7,22,0,2,0,0,0,1
24,9586,0,1,0,1,1,1,1,1,5,22,1,2,0,0,0,0
24,9586,0,1,0,1,1,1,0,1,5,22,1,2,0,0,0,0
24,9609,9,10,10,10,10,10,1,1,5,32,1,3,0,0,8,0
24,9609,9,10,10,10,10,10,0,1,5,32,1,3,0,0,8,0
24,9686,1,2,2,1,3,2,0,0,4,24,0,2,0,0,0,1
24,9686,1,2,2,1,3,2,1,0,4,24,0,2,0,0,0,1
24,9820,8,5,8,5,5,7,0,0,4,29,0,2,0,0,2,0
24,9820,8,5,8,5,5,7,1,0,4,29,0,2,0,0,2,0
25,10076,9,10,10,9,9,10,0,0,4,21,0,2,0,0,2,1
25,10076,9,10,10,9,9,10,1,0,4,21,0,2,0,0,2,1
25,10401,1,1,0,2,1,0,1,0,1,47,1,1,0,0,0,0
25,10401,1,1,0,2,1,0,0,0,1,47,1,1,0,0,0,0
25,1059,6,9,6,5,3,6,1,0,6,24,0,2,0,0,1,0
25,1059,6,9,6,5,3,6,0,0,6,24,0,2,0,0,1,0
25,10706,2,0,0,4,1,2,1,0,7,42,0,2,0,0,0,0
25,10706,2,0,0,4,1,2,0,0,7,42,0,2,0,0,0,0
25,1160,4,6,2,5,3,1,0,0,7,23,1,2,0,0,0,1
25,1160,4,6,2,5,3,1,1,0,7,23,1,2,0,0,0,1
25,1870,4,3,2,7,4,4,1,0,3,20,0,2,0,0,0,1
25,1870,4,3,2,7,4,4,0,0,3,20,0,2,0,0,0,1
25,2502,1,2,0,5,3,2,1,0,1,45,0,3,0,0,0,1
25,2502,1,2,0,5,3,2,0,0,1,45,0,3,0,0,0,1
25,2533,3,5,1,3,2,1,0,1,6,19,0,1,0,0,0,0
25,2533,3,5,1,3,2,1,1,1,6,19,0,1,0,0,0,0
25,2586,6,6,2,7,4,6,0,0,1,40,0,1,0,0,1,1
25,2586,6,6,2,7,4,6,1,0,1,40,0,1,0,0,1,1
25,2790,1,3,0,3,2,2,0,0,4,43,0,1,0,0,0,0
25,2790,1,3,0,3,2,2,1,0,4,43,0,1,0,0,0,0
25,3322,4,3,1,6,4,1,1,1,4,22,0,2,0,0,0,1
25,3322,4,3,1,6,4,1,0,1,4,22,0,2,0,0,0,1
25,3602,8,10,9,10,9,9,1,1,8,35,0,2,0,0,10,0
25,3602,8,10,9,10,9,9,0,1,8,35,0,2,0,0,10,0
25,4122,3,4,1,2,1,3,0,0,6,25,1,1,0,0,0,1
25,4122,3,4,1,2,1,3,1,0,6,25,1,1,0,0,0,1
25,4444,9,10,8,7,6,7,0,0,10,25,1,1,0,0,2,1
25,4444,9,10,8,7,6,7,1,0,10,25,1,1,0,0,2,1
25,4724,2,3,1,1,0,1,1,1,1,64,1,2,0,0,1,0
25,4724,2,3,1,1,0,1,0,1,1,64,1,2,0,0,1,0
25,5433,6,7,4,6,5,5,1,1,8,20,1,2,0,0,1,1
25,5433,6,7,4,6,5,5,0,1,8,20,1,2,0,0,1,1
25,6096,5,7,5,6,5,4,1,1,9,20,0,2,0,0,1,0
25,6096,5,7,5,6,5,4,0,1,9,20,0,2,0,0,1,0
25,6170,10,10,10,10,9,10,0,1,9,29,0,2,0,1,8,0
25,6170,10,10,10,10,9,10,1,1,9,29,0,2,0,1,8,0
25,6251,8,10,9,7,9,9,0,0,4,33,0,2,0,0,5,1
25,6251,8,10,9,7,9,9,1,0,4,33,0,2,0,0,5,1
25,6377,9,9,8,7,7,9,1,1,7,27,0,1,0,0,2,1
25,6377,9,9,8,7,7,9,0,1,7,27,0,1,0,0,2,1
25,6586,10,10,9,7,8,9,1,1,5,53,1,1,0,0,6,1
25,6586,10,10,9,7,8,9,0,1,5,53,1,1,0,0,6,1
25,7958,6,6,6,7,7,7,0,0,2,58,0,1,0,0,5,0
25,7958,6,6,6,7,7,7,1,0,2,58,0,1,0,0,5,0
25,9357,9,10,10,9,8,10,1,0,4,36,0,2,0,0,6,0
25,9357,9,10,10,9,8,10,0,0,4,36,0,2,0,0,6,0
25,9617,9,10,10,9,9,9,0,1,4,27,0,2,0,0,4,1
25,9617,9,10,10,9,9,9,1,1,4,27,0,2,0,0,4,1
25,9833,4,5,1,1,0,0,0,0,1,67,0,1,0,0,0,1
25,9833,4,5,1,1,0,0,1,0,1,67,0,1,0,0,0,1
26,10008,5,5,4,4,5,6,0,1,4,28,0,1,0,0,1,1
26,10008,5,5,4,4,5,6,1,1,4,28,0,1,0,0,1,1
26,10491,4,6,4,1,1,2,0,0,3,29,0,1,0,0,1,0
26,10491,4,6,4,1,1,2,1,0,3,29,0,1,0,0,1,0
26,10878,7,7,7,6,4,8,0,1,6,47,0,3,0,0,3,0
26,10878,7,7,7,6,4,8,1,1,6,47,0,3,0,0,3,0
26,227,1,1,3,3,3,3,0,1,3,31,1,2,0,0,0,1
26,227,1,1,3,3,3,3,1,1,3,31,1,2,0,0,0,1
26,2476,9,10,9,8,8,10,1,1,8,26,0,2,0,1,13,1
26,2476,9,10,9,8,8,10,0,1,8,26,0,2,0,1,13,1
26,2605,4,6,3,1,2,2,0,0,8,45,0,3,0,0,1,0
26,2605,4,6,3,1,2,2,1,0,8,45,0,3,0,0,1,0
26,2758,3,1,1,3,3,2,1,0,2,25,0,2,0,0,0,1
26,2758,3,1,1,3,3,2,0,0,2,25,0,2,0,0,0,1
26,3215,1,1,1,2,1,1,1,0,1,52,0,1,0,0,0,0
26,3215,1,1,1,2,1,1,0,0,1,52,0,1,0,0,0,0
26,3289,10,10,10,10,10,10,0,0,6,38,0,2,0,0,15,1
26,3289,10,10,10,10,10,10,1,0,6,38,0,2,0,0,15,1
26,3790,4,4,7,4,5,2,1,0,3,29,0,1,0,0,1,1
26,3790,4,4,7,4,5,2,0,0,3,29,0,1,0,0,1,1
26,4637,5,6,6,5,2,5,0,1,1,36,0,2,0,0,2,1
26,4637,5,6,6,5,2,5,1,1,1,36,0,2,0,0,2,1
26,4907,7,10,10,10,9,10,1,1,9,31,0,2,2,1,16,1
26,4907,7,10,10,10,9,10,0,1,9,31,0,2,2,1,16,1
26,5134,10,9,10,9,8,10,1,1,9,27,0,1,0,0,18,1
26,5134,10,9,10,9,8,10,0,1,9,27,0,1,0,0,18,1
26,5330,2,4,1,1,0,1,0,1,1,29,0,2,0,0,0,0
26,5330,2,4,1,1,0,1,1,1,1,29,0,2,0,0,0,0
26,552,5,6,7,4,7,7,0,1,6,22,0,1,0,0,2,0
26,552,5,6,7,4,7,7,1,1,6,22,0,1,0,0,2,0
26,5852,2,3,1,3,4,1,0,0,1,55,1,2,0,0,1,1
26,5852,2,3,1,3,4,1,1,0,1,55,1,2,0,0,1,1
26,5923,7,9,10,5,7,4,1,0,2,29,0,1,0,0,2,1
26,5923,7,9,10,5,7,4,0,0,2,29,0,1,0,0,2,1
26,6229,9,9,9,7,8,8,1,1,5,38,0,1,0,0,5,0
26,6229,9,9,9,7,8,8,0,1,5,38,0,1,0,0,5,0
26,6379,6,4,7,4,4,8,0,0,6,22,0,1,0,0,1,1
26,6379,6,4,7,4,4,8,1,0,6,22,0,1,0,0,1,1
26,7259,9,10,9,7,8,10,1,0,5,26,0,1,0,0,5,0
26,7259,9,10,9,7,8,10,0,0,5,26,0,1,0,0,5,0
26,8881,0,2,2,2,3,3,1,1,10,40,0,2,0,0,0,1
26,8881,0,2,2,2,3,3,0,1,10,40,0,2,0,0,0,1
26,8882,9,9,10,6,8,7,0,1,9,22,0,2,0,0,2,0
26,8882,9,9,10,6,8,7,1,1,9,22,0,2,0,0,2,0
26,9405,9,9,10,9,10,10,0,1,10,38,1,2,0,0,7,1
26,9405,9,9,10,9,10,10,1,1,10,38,1,2,0,0,7,1
26,9437,6,8,10,6,8,10,0,0,9,23,0,3,0,1,2,1
26,9437,6,8,10,6,8,10,1,0,9,23,0,3,0,1,2,1
26,9830,2,2,4,2,2,2,0,0,2,48,0,1,0,0,0,1
26,9830,2,2,4,2,2,2,1,0,2,48,0,1,0,0,0,1
27,1032,10,10,9,10,10,9,0,1,9,29,0,3,0,0,7,1
27,1032,10,10,9,10,10,9,1,1,9,29,0,3,0,0,7,1
27,10528,2,5,2,1,1,2,1,0,1,41,0,3,0,0,1,0
27,10528,2,5,2,1,1,2,0,0,1,41,0,3,0,0,1,0
27,10540,2,3,1,1,2,3,1,1,1,31,1,1,0,0,1,0
27,10540,2,3,1,1,2,3,0,1,1,31,1,1,0,0,1,0
27,10921,6,9,10,7,4,6,0,0,2,26,0,2,0,0,2,0
27,10921,6,9,10,7,4,6,1,0,2,26,0,2,0,0,2,0
27,2072,2,0,2,1,0,1,1,0,1,66,1,1,0,0,1,0
27,2072,2,0,2,1,0,1,0,0,1,66,1,1,0,0,1,0
27,3122,4,3,7,5,5,4,1,0,4,46,0,1,0,0,2,0
27,3122,4,3,7,5,5,4,0,0,4,46,0,1,0,0,2,0
27,332,8,8,7,5,7,8,1,0,7,30,1,2,0,0,2,1
27,332,8,8,7,5,7,8,0,0,7,30,1,2,0,0,2,1
27,3552,0,1,1,2,1,1,1,0,3,28,0,1,0,0,0,0
27,3552,0,1,1,2,1,1,0,0,3,28,0,1,0,0,0,0
27,3574,6,8,10,6,7,6,1,1,3,24,0,2,0,0,2,1
27,3574,6,8,10,6,7,6,0,1,3,24,0,2,0,0,2,1
27,3783,0,0,1,1,1,2,1,0,1,38,0,1,0,0,0,1
27,3783,0,0,1,1,1,2,0,0,1,38,0,1,0,0,0,1
27,4403,8,10,9,10,9,8,1,0,7,40,0,2,0,0,6,1
27,4403,8,10,9,10,9,8,0,0,7,40,0,2,0,0,6,1
27,4655,10,9,10,9,8,9,1,0,8,31,0,1,0,0,10,0
27,4655,10,9,10,9,8,9,0,0,8,31,0,1,0,0,10,0
27,5027,9,8,10,9,10,8,0,1,4,27,0,2,0,0,6,1
27,5027,9,8,10,9,10,8,1,1,4,27,0,2,0,0,6,1
27,5057,1,2,2,0,1,3,1,0,1,49,1,2,0,0,1,1
27,5057,1,2,2,0,1,3,0,0,1,49,1,2,0,0,1,1
27,5114,10,10,10,10,10,9,1,1,7,50,0,1,0,0,26,1
27,5114,10,10,10,10,10,9,0,1,7,50,0,1,0,0,26,1
27,5263,9,10,10,10,10,9,1,1,10,19,0,2,2,1,3,1
27,5263,9,10,10,10,10,9,0,1,10,19,0,2,2,1,3,1
27,5383,4,4,9,3,4,7,0,1,9,19,1,2,0,0,1,1
27,5383,4,4,9,3,4,7,1,1,9,19,1,2,0,0,1,1
27,5886,0,1,0,0,2,2,1,0,1,53,0,1,0,0,0,0
27,5886,0,1,0,0,2,2,0,0,1,53,0,1,0,0,0,0
27,7012,0,0,3,1,2,1,0,0,2,28,0,2,0,0,0,1
27,7012,0,0,3,1,2,1,1,0,2,28,0,2,0,0,0,1
27,7245,10,9,10,10,10,9,0,1,8,25,0,2,0,0,5,0
27,7245,10,9,10,10,10,9,1,1,8,25,0,2,0,0,5,0
27,7468,5,6,7,5,7,5,1,1,7,42,0,1,0,0,2,1
27,7468,5,6,7,5,7,5,0,1,7,42,0,1,0,0,2,1
27,7605,3,4,2,1,2,1,1,1,1,49,0,2,0,0,1,0
27,7605,3,4,2,1,2,1,0,1,1,49,0,2,0,0,1,0
27,8171,0,1,0,0,0,2,1,0,2,38,0,1,0,0,0,0
27,8171,0,1,0,0,0,2,0,0,2,38,0,1,0,0,0,0
27,9801,7,10,10,9,8,10,1,0,5,25,0,2,0,0,4,0
27,9801,7,10,10,9,8,10,0,0,5,25,0,2,0,0,4,0
27,9921,2,3,9,4,4,6,1,0,5,27,0,2,0,0,1,0
27,9921,2,3,9,4,4,6,0,0,5,27,0,2,0,0,1,0
28,10979,2,0,2,1,3,0,1,0,1,43,0,2,0,0,0,0
28,10979,2,0,2,1,3,0,0,0,1,43,0,2,0,0,0,0
28,122,10,10,9,9,9,8,0,1,10,30,0,2,0,0,8,0
28,122,10,10,9,9,9,8,1,1,10,30,0,2,0,0,8,0
28,1834,1,3,4,3,6,2,1,0,4,31,0,1,0,0,0,1
28,1834,1,3,4,3,6,2,0,0,4,31,0,1,0,0,0,1
28,3056,2,1,1,0,1,0,1,0,3,25,0,2,0,0,0,1
28,3056,2,1,1,0,1,0,0,0,3,25,0,2,0,0,0,1
28,3146,1,0,4,4,4,1,0,1,3,37,0,3,0,0,0,1
28,3146,1,0,4,4,4,1,1,1,3,37,0,3,0,0,0,1
28,3585,1,1,3,3,3,1,1,1,1,54,0,1,0,0,1,0
28,3585,1,1,3,3,3,1,0,1,1,54,0,1,0,0,1,0
28,363,9,9,10,10,10,10,1,1,5,44,0,1,0,0,8,0
28,363,9,9,10,10,10,10,0,1,5,44,0,1,0,0,8,0
28,3761,9,10,10,10,9,10,1,1,5,42,0,2,0,0,7,1
28,3761,9,10,10,10,9,10,0,1,5,42,0,2,0,0,7,1
28,4076,9,9,8,9,7,10,0,0,6,33,0,2,0,0,6,1
28,4076,9,9,8,9,7,10,1,0,6,33,0,2,0,0,6,1
28,4730,7,6,6,6,4,7,1,1,2,20,0,1,0,0,1,1
28,4730,7,6,6,6,4,7,0,1,2,20,0,1,0,0,1,1
28,5224,4,6,7,3,2,3,0,1,8,25,0,2,0,0,0,1
28,5224,4,6,7,3,2,3,1,1,8,25,0,2,0,0,0,1
28,5354,2,4,0,5,4,1,0,1,9,24,0,2,0,0,1,0
28,5354,2,4,0,5,4,1,1,1,9,24,0,2,0,0,1,0
28,5553,2,2,3,3,0,1,1,0,3,22,0,1,0,0,0,1
28,5553,2,2,3,3,0,1,0,0,3,22,0,1,0,0,0,1
28,7257,5,5,4,4,3,2,0,1,3,24,0,1,0,0,1,1
28,7257,5,5,4,4,3,2,1,1,3,24,0,1,0,0,1,1
28,7340,1,3,1,2,1,0,0,1,4,31,1,1,0,0,0,1
28,7340,1,3,1,2,1,0,1,1,4,31,1,1,0,0,0,1
28,7723,5,3,6,1,3,0,0,0,2,24,0,3,0,0,0,1
28,7723,5,3,6,1,3,0,1,0,2,24,0,3,0,0,0,1
28,7754,7,7,9,7,5,8,1,1,4,25,0,1,0,0,2,0
28,7754,7,7,9,7,5,8,0,1,4,25,0,1,0,0,2,0
28,8036,1,3,3,4,5,3,1,0,1,42,0,3,0,0,1,0
28,8036,1,3,3,4,5,3,0,0,1,42,0,3,0,0,1,0
28,8278,5,8,8,6,7,5,1,1,6,53,0,2,0,0,3,1
28,8278,5,8,8,6,7,5,0,1,6,53,0,2,0,0,3,1
28,829,9,10,10,10,9,10,0,1,10,22,0,1,1,0,6,1
28,829,9,10,10,10,9,10,1,1,10,22,0,1,1,0,6,1
28,8835,7,9,7,8,9,8,0,0,1,29,0,2,0,0,3,0
28,8835,7,9,7,8,9,8,1,0,1,29,0,2,0,0,3,0
28,9031,10,10,10,10,9,10,1,1,7,27,0,2,0,0,21,1
28,9031,10,10,10,10,9,10,0,1,7,27,0,2,0,0,21,1
28,9488,2,1,2,2,1,1,1,1,4,21,0,1,0,0,0,0
28,9488,2,1,2,2,1,1,0,1,4,21,0,1,0,0,0,0
28,956,9,10,10,8,10,10,0,1,10,24,0,2,0,0,4,1
28,956,9,10,10,8,10,10,1,1,10,24,0,2,0,0,4,1
28,9747,9,8,10,7,10,9,1,1,4,32,0,2,0,0,4,1
28,9747,9,8,10,7,10,9,0,1,4,32,0,2,0,0,4,1
29,10167,9,10,7,6,7,8,0,1,6,24,0,2,0,0,2,1
29,10167,9,10,7,6,7,8,1,1,6,24,0,2,0,0,2,1
29,1314,10,10,10,10,10,10,0,1,8,31,0,2,0,3,25,0
29,1314,10,10,10,10,10,10,1,1,8,31,0,2,0,3,25,0
29,1446,7,9,8,6,4,5,1,0,1,35,0,1,0,0,2,1
29,1446,7,9,8,6,4,5,0,0,1,35,0,1,0,0,2,1
29,2405,0,0,0,1,0,1,1,0,3,24,1,2,0,0,0,1
29,2405,0,0,0,1,0,1,0,0,3,24,1,2,0,0,0,1
29,2780,0,0,0,1,0,0,0,0,1,58,0,1,0,0,0,0
29,2780,0,0,0,1,0,0,1,0,1,58,0,1,0,0,0,0
29,3298,10,9,10,9,10,8,0,0,5,31,0,1,0,0,6,0
29,3298,10,9,10,9,10,8,1,0,5,31,0,1,0,0,6,0
29,4441,0,0,2,0,1,1,1,0,2,54,1,1,0,0,1,0
29,4441,0,0,2,0,1,1,0,0,2,54,1,1,0,0,1,0
29,4510,5,6,5,4,3,1,0,0,1,54,0,1,0,0,2,0
29,4510,5,6,5,4,3,1,1,0,1,54,0,1,0,0,2,0
29,5096,1,1,0,1,0,0,0,0,4,38,1,2,0,0,0,0
29,5096,1,1,0,1,0,0,1,0,4,38,1,2,0,0,0,0
29,5370,3,1,6,1,1,5,1,0,2,23,0,2,0,0,1,0
29,5370,3,1,6,1,1,5,0,0,2,23,0,2,0,0,1,0
29,5745,8,9,8,7,9,8,1,0,3,29,0,2,0,0,2,1
29,5745,8,9,8,7,9,8,0,0,3,29,0,2,0,0,2,1
29,5821,10,9,7,8,8,7,0,0,5,31,0,1,0,0,3,0
29,5821,10,9,7,8,8,7,1,0,5,31,0,1,0,0,3,0
29,6595,0,1,0,1,1,0,1,0,1,40,0,2,0,0,0,1
29,6595,0,1,0,1,1,0,0,0,1,40,0,2,0,0,0,1
29,6862,10,10,10,10,9,9,1,0,4,31,0,2,0,0,5,1
29,6862,10,10,10,10,9,9,0,0,4,31,0,2,0,0,5,1
29,730,2,1,0,0,1,2,0,0,6,35,0,4,0,0,0,1
29,730,2,1,0,0,1,2,1,0,6,35,0,4,0,0,0,1
29,807,2,1,0,0,2,3,0,0,9,23,0,1,0,0,0,0
29,807,2,1,0,0,2,3,1,0,9,23,0,1,0,0,0,0
29,8253,0,2,0,1,1,0,1,0,3,29,0,2,0,0,0,0
29,8253,0,2,0,1,1,0,0,0,3,29,0,2,0,0,0,0
29,8891,9,10,10,10,9,10,0,1,4,56,0,1,0,0,17,1
29,8891,9,10,10,10,9,10,1,1,4,56,0,1,0,0,17,1
29,9040,9,10,7,8,5,9,1,0,1,34,0,2,0,0,3,1
29,9040,9,10,7,8,5,9,0,0,1,34,0,2,0,0,3,1
29,9163,10,10,10,10,10,10,0,1,8,31,0,2,1,1,12,0
29,9163,10,10,10,10,10,10,1,1,8,31,0,2,1,1,12,0
29,919,0,1,3,0,1,1,0,1,10,36,0,3,0,0,1,0
29,919,0,1,3,0,1,1,1,1,10,36,0,3,0,0,1,0
29,9534,10,10,10,10,10,10,0,1,6,49,0,2,0,0,29,1
29,9534,10,10,10,10,10,10,1,1,6,49,0,2,0,0,29,1
29,9746,3,2,0,1,2,3,1,0,7,23,0,3,0,0,0,0
29,9746,3,2,0,1,2,3,0,0,7,23,0,3,0,0,0,0
29,9811,10,10,7,9,9,9,0,1,9,25,1,2,0,0,5,1
29,9811,10,10,7,9,9,9,1,1,9,25,1,2,0,0,5,1
29,9852,9,9,7,9,8,9,0,1,10,21,0,2,0,2,2,1
29,9852,9,9,7,9,8,9,1,1,10,21,0,2,0,2,2,1
3,10448,10,10,10,10,9,9,1,1,4,48,0,2,0,0,11,0
3,10448,10,10,10,10,9,9,0,1,4,48,0,2,0,0,11,0
3,2338,1,0,0,1,0,0,1,0,1,59,0,3,0,0,0,0
3,2338,1,0,0,1,0,0,0,0,1,59,0,3,0,0,0,0
3,2624,3,4,2,5,5,5,0,1,2,51,0,2,0,0,0,1
3,2624,3,4,2,5,5,5,1,1,2,51,0,2,0,0,0,1
3,2685,2,2,3,3,5,1,0,0,5,21,1,2,0,0,0,1
3,2685,2,2,3,3,5,1,1,0,5,21,1,2,0,0,0,1
3,2691,1,4,3,4,6,4,1,0,1,54,0,2,0,0,0,0
3,2691,1,4,3,4,6,4,0,0,1,54,0,2,0,0,0,0
3,3768,3,6,3,2,6,3,1,0,1,36,1,2,0,0,1,0
3,3768,3,6,3,2,6,3,0,0,1,36,1,2,0,0,1,0
3,4029,3,1,2,1,1,2,1,1,2,28,0,3,0,0,0,0
3,4029,3,1,2,1,1,2,0,1,2,28,0,3,0,0,0,0
3,4082,1,1,2,5,5,3,1,1,5,24,0,1,0,0,0,1
3,4082,1,1,2,5,5,3,0,1,5,24,0,1,0,0,0,1
3,4126,2,4,7,4,6,3,1,1,2,30,0,2,0,0,0,1
3,4126,2,4,7,4,6,3,0,1,2,30,0,2,0,0,0,1
3,4426,0,4,0,3,1,2,1,0,2,43,1,1,0,0,0,0
3,4426,0,4,0,3,1,2,0,0,2,43,1,1,0,0,0,0
3,4620,1,8,4,5,4,4,1,0,2,41,0,1,0,0,0,1
3,4620,1,8,4,5,4,4,0,0,2,41,0,1,0,0,0,1
3,5607,10,9,9,7,8,7,0,0,3,38,0,1,0,0,2,1
3,5607,10,9,9,7,8,7,1,0,3,38,0,1,0,0,2,1
3,5614,8,10,10,8,8,8,0,1,8,33,0,2,0,0,2,1
3,5614,8,10,10,8,8,8,1,1,8,33,0,2,0,0,2,1
3,6314,3,4,5,5,3,5,1,1,6,20,0,1,0,0,0,1
3,6314,3,4,5,5,3,5,0,1,6,20,0,1,0,0,0,1
3,6683,9,10,9,9,8,8,1,1,6,24,1,2,0,0,3,0
3,6683,9,10,9,9,8,8,0,1,6,24,1,2,0,0,3,0
3,7010,10,10,8,9,7,9,0,1,3,54,0,2,0,0,4,1
3,7010,10,10,8,9,7,9,1,1,3,54,0,2,0,0,4,1
3,7079,10,8,10,8,9,9,1,0,7,25,0,1,0,0,3,1
3,7079,10,8,10,8,9,9,0,0,7,25,0,1,0,0,3,1
3,7170,6,6,7,6,7,4,1,0,5,22,0,1,0,0,0,1
3,7170,6,6,7,6,7,4,0,0,5,22,0,1,0,0,0,1
3,7315,9,10,7,5,8,7,0,1,5,24,0,2,0,0,2,0
3,7315,9,10,7,5,8,7,1,1,5,24,0,2,0,0,2,0
3,7416,9,8,10,8,7,8,1,0,1,26,0,3,0,0,2,0
3,7416,9,8,10,8,7,8,0,0,1,26,0,3,0,0,2,0
3,7840,7,6,10,6,8,6,1,0,2,22,0,1,0,0,1,1
3,7840,7,6,10,6,8,6,0,0,2,22,0,1,0,0,1,1
3,8099,3,0,1,1,2,2,1,0,1,28,0,1,0,0,0,0
3,8099,3,0,1,1,2,2,0,0,1,28,0,1,0,0,0,0
3,8909,1,1,0,3,1,1,0,0,1,46,0,1,0,0,0,0
3,8909,1,1,0,3,1,1,1,0,1,46,0,1,0,0,0,0
3,9889,7,10,10,9,9,10,1,0,6,35,0,2,0,0,9,1
3,9889,7,10,10,9,9,10,0,0,6,35,0,2,0,0,9,1
3,999,3,7,5,4,5,4,1,1,1,38,0,1,0,0,1,1
3,999,3,7,5,4,5,4,0,1,1,38,0,1,0,0,1,1
30,10136,4,7,4,8,8,9,1,1,3,34,0,2,0,0,2,1
30,10136,4,7,4,8,8,9,0,1,3,34,0,2,0,0,2,1
30,10949,6,7,9,8,8,6,0,1,9,19,0,2,1,0,1,1
30,10949,6,7,9,8,8,6,1,1,9,19,0,2,1,0,1,1
30,1300,3,2,2,2,2,3,0,0,5,21,1,1,0,0,0,0
30,1300,3,2,2,2,2,3,1,0,5,21,1,1,0,0,0,0
30,1718,10,10,10,10,9,10,0,1,9,25,0,2,0,1,11,1
30,1718,10,10,10,10,9,10,1,1,9,25,0,2,0,1,11,1
30,208,8,7,6,6,6,7,1,1,2,44,0,1,0,0,2,0
30,208,8,7,6,6,6,7,0,1,2,44,0,1,0,0,2,0
30,22,8,9,9,9,7,9,0,0,10,25,0,2,0,0,3,1
30,22,8,9,9,9,7,9,1,0,10,25,0,2,0,0,3,1
30,2841,8,8,9,9,9,9,0,0,5,24,0,1,0,1,3,0
30,2841,8,8,9,9,9,9,1,0,5,24,0,1,0,1,3,0
30,3110,2,1,2,1,1,2,0,1,4,21,0,1,0,0,0,0
30,3110,2,1,2,1,1,2,1,1,4,21,0,1,0,0,0,0
30,3255,9,8,6,6,6,9,0,0,2,51,0,2,0,0,4,0
30,3255,9,8,6,6,6,9,1,0,2,51,0,2,0,0,4,0
30,3952,1,2,1,1,1,0,1,0,4,37,0,1,0,0,0,0
30,3952,1,2,1,1,1,0,0,0,4,37,0,1,0,0,0,0
30,4182,4,4,7,4,7,5,0,0,5,32,0,1,0,0,0,1
30,4182,4,4,7,4,7,5,1,0,5,32,0,1,0,0,0,1
30,4593,0,1,2,1,0,1,1,0,1,38,0,4,0,0,0,0
30,4593,0,1,2,1,0,1,0,0,1,38,0,4,0,0,0,0
30,4754,4,5,3,4,6,3,0,0,1,47,0,2,0,0,1,1
30,4754,4,5,3,4,6,3,1,0,1,47,0,2,0,0,1,1
30,480,3,2,4,1,3,3,1,1,9,20,0,2,0,0,0,1
30,480,3,2,4,1,3,3,0,1,9,20,0,2,0,0,0,1
30,5069,8,7,9,9,9,10,1,1,10,24,0,2,1,0,2,0
30,5069,8,7,9,9,9,10,0,1,10,24,0,2,1,0,2,0
30,5387,0,2,2,2,1,2,1,1,1,34,0,2,0,0,0,0
30,5387,0,2,2,2,1,2,0,1,1,34,0,2,0,0,0,0
30,5563,1,2,3,4,3,4,1,1,6,33,0,1,0,0,0,1
30,5563,1,2,3,4,3,4,0,1,6,33,0,1,0,0,0,1
30,5623,0,1,2,1,2,1,1,1,6,32,0,1,0,0,0,0
30,5623,0,1,2,1,2,1,0,1,6,32,0,1,0,0,0,0
30,6690,9,10,10,10,10,10,1,1,10,25,0,2,0,1,7,1
30,6690,9,10,10,10,10,10,0,1,10,25,0,2,0,1,7,1
30,7099,5,5,4,2,5,4,1,0,2,34,0,2,0,0,2,1
30,7099,5,5,4,2,5,4,0,0,2,34,0,2,0,0,2,1
30,7148,10,9,10,9,10,10,0,0,7,45,0,3,0,0,8,1
30,7148,10,9,10,9,10,10,1,0,7,45,0,3,0,0,8,1
30,7847,0,0,0,1,3,2,1,0,1,30,0,1,0,0,0,0
30,7847,0,0,0,1,3,2,0,0,1,30,0,1,0,0,0,0
30,8438,8,10,9,9,9,10,1,1,10,34,1,1,0,0,12,1
30,8438,8,10,9,9,9,10,0,1,10,34,1,1,0,0,12,1
30,8471,9,7,10,9,7,8,1,1,4,23,0,2,0,0,2,1
30,8471,9,7,10,9,7,8,0,1,4,23,0,2,0,0,2,1
30,9229,0,1,2,1,2,1,0,0,8,22,0,2,0,0,0,0
30,9229,0,1,2,1,2,1,1,0,8,22,0,2,0,0,0,0
31,10267,9,10,9,7,8,9,1,0,8,31,1,2,0,0,4,1
31,10267,9,10,9,7,8,9,0,0,8,31,1,2,0,0,4,1
31,10317,1,0,1,0,1,0,0,0,1,62,0,2,0,0,0,0
31,10317,1,0,1,0,1,0,1,0,1,62,0,2,0,0,0,0
31,10492,10,9,10,10,10,10,1,0,6,25,1,3,0,1,14,1
31,10492,10,9,10,10,10,10,0,0,6,25,1,3,0,1,14,1
31,10560,5,5,6,3,2,7,1,1,1,41,0,1,0,0,1,1
31,10560,5,5,6,3,2,7,0,1,1,41,0,1,0,0,1,1
31,10580,5,6,5,0,1,6,1,0,8,22,1,1,0,0,1,0
31,10580,5,6,5,0,1,6,0,0,8,22,1,1,0,0,1,0
31,10931,5,6,6,2,4,5,0,0,3,28,0,3,0,0,1,1
31,10931,5,6,6,2,4,5,1,0,3,28,0,3,0,0,1,1
31,1157,7,8,10,5,4,8,1,0,7,27,0,5,0,0,3,0
31,1157,7,8,10,5,4,8,0,0,7,27,0,5,0,0,3,0
31,1611,9,8,10,7,6,10,1,0,3,47,0,2,0,0,4,1
31,1611,9,8,10,7,6,10,0,0,3,47,0,2,0,0,4,1
31,279,2,1,2,1,0,6,1,0,1,57,0,3,0,0,1,1
31,279,2,1,2,1,0,6,0,0,1,57,0,3,0,0,1,1
31,3293,0,1,1,1,1,1,0,0,3,27,1,1,0,0,0,1
31,3293,0,1,1,1,1,1,1,0,3,27,1,1,0,0,0,1
31,3347,10,9,10,10,9,9,0,1,3,36,1,2,0,0,7,1
31,3347,10,9,10,10,9,9,1,1,3,36,1,2,0,0,7,1
31,3562,0,2,2,1,1,1,1,0,1,52,0,2,0,0,0,1
31,3562,0,2,2,1,1,1,0,0,1,52,0,2,0,0,0,1
31,4139,10,9,10,10,9,9,1,1,8,35,0,2,0,1,14,0
31,4139,10,9,10,10,9,9,0,1,8,35,0,2,0,1,14,0
31,4165,3,4,3,2,2,3,0,0,7,22,0,2,0,0,0,1
31,4165,3,4,3,2,2,3,1,0,7,22,0,2,0,0,0,1
31,4694,5,6,5,3,2,7,0,0,4,44,0,1,0,0,2,0
31,4694,5,6,5,3,2,7,1,0,4,44,0,1,0,0,2,0
31,4835,3,1,1,1,1,4,0,0,10,37,0,2,0,0,1,1
31,4835,3,1,1,1,1,4,1,0,10,37,0,2,0,0,1,1
31,5939,9,6,8,1,2,7,1,0,1,45,0,1,0,0,2,1
31,5939,9,6,8,1,2,7,0,0,1,45,0,1,0,0,2,1
31,6164,3,3,3,1,3,4,0,0,1,37,1,2,0,0,1,1
31,6164,3,3,3,1,3,4,1,0,1,37,1,2,0,0,1,1
31,648,0,1,0,1,0,2,1,1,5,57,0,2,0,0,1,1
31,648,0,1,0,1,0,2,0,1,5,57,0,2,0,0,1,1
31,6687,10,9,10,9,9,9,1,1,8,39,0,1,0,0,10,1
31,6687,10,9,10,9,9,9,0,1,8,39,0,1,0,0,10,1
31,8014,10,10,9,9,9,10,0,1,3,52,0,2,0,0,7,0
31,8014,10,10,9,9,9,10,1,1,3,52,0,2,0,0,7,0
31,8642,7,9,8,2,2,7,0,0,6,61,0,1,0,0,4,1
31,8642,7,9,8,2,2,7,1,0,6,61,0,1,0,0,4,1
31,9380,9,8,9,8,7,10,0,0,4,38,0,1,0,0,5,1
31,9380,9,8,9,8,7,10,1,0,4,38,0,1,0,0,5,1
31,9685,2,4,1,2,1,2,0,1,7,22,0,2,0,0,0,0
31,9685,2,4,1,2,1,2,1,1,7,22,0,2,0,0,0,0
31,9971,0,0,0,1,0,0,1,0,1,55,1,1,0,0,0,1
31,9971,0,0,0,1,0,0,0,0,1,55,1,1,0,0,0,1
32,10656,2,2,1,1,1,2,1,0,4,20,0,2,0,0,0,1
32,10656,2,2,1,1,1,2,0,0,4,20,0,2,0,0,0,1
32,10935,10,9,10,9,9,7,1,1,9,31,0,3,1,0,7,0
32,10935,10,9,10,9,9,7,0,1,9,31,0,3,1,0,7,0
32,1578,6,4,0,5,6,3,1,0,1,39,0,1,0,0,1,1
32,1578,6,4,0,5,6,3,0,0,1,39,0,1,0,0,1,1
32,1629,9,8,10,7,8,4,1,0,5,27,0,2,0,0,2,1
32,1629,9,8,10,7,8,4,0,0,5,27,0,2,0,0,2,1
32,1943,0,1,0,4,1,2,0,1,3,24,0,2,0,0,0,1
32,1943,0,1,0,4,1,2,1,1,3,24,0,2,0,0,0,1
32,215,9,9,7,7,7,3,0,0,2,31,0,2,0,0,1,0
32,215,9,9,7,7,7,3,1,0,2,31,0,2,0,0,1,0
32,2765,0,1,0,1,2,0,0,0,2,26,1,2,0,0,0,0
32,2765,0,1,0,1,2,0,1,0,2,26,1,2,0,0,0,0
32,3508,2,3,2,2,2,3,0,0,5,20,1,2,0,0,0,1
32,3508,2,3,2,2,2,3,1,0,5,20,1,2,0,0,0,1
32,4186,3,3,4,0,1,1,0,0,1,59,0,1,0,0,0,1
32,4186,3,3,4,0,1,1,1,0,1,59,0,1,0,0,0,1
32,4643,10,10,10,10,9,9,0,1,10,32,0,2,0,1,12,0
32,4643,10,10,10,10,9,9,1,1,10,32,0,2,0,1,12,0
32,4701,10,10,9,10,8,9,0,0,10,38,0,1,0,0,17,1
32,4701,10,10,9,10,8,9,1,0,10,38,0,1,0,0,17,1
32,4881,6,3,5,3,2,3,0,0,6,31,0,2,0,0,0,1
32,4881,6,3,5,3,2,3,1,0,6,31,0,2,0,0,0,1
32,510,5,2,4,4,4,3,0,0,1,51,0,3,0,0,1,0
32,510,5,2,4,4,4,3,1,0,1,51,0,3,0,0,1,0
32,5454,4,5,2,0,2,0,1,1,4,25,1,1,0,0,0,1
32,5454,4,5,2,0,2,0,0,1,4,25,1,1,0,0,0,1
32,5678,10,10,10,10,8,8,0,1,9,38,0,2,0,1,16,1
32,5678,10,10,10,10,8,8,1,1,9,38,0,2,0,1,16,1
32,6000,0,2,0,2,2,1,1,1,5,23,1,2,0,0,0,1
32,6000,0,2,0,2,2,1,0,1,5,23,1,2,0,0,0,1
32,6574,8,9,9,9,8,6,1,1,2,31,1,2,0,0,2,1
32,6574,8,9,9,9,8,6,0,1,2,31,1,2,0,0,2,1
32,7112,9,10,10,10,9,8,0,1,7,55,0,2,0,0,10,0
32,7112,9,10,10,10,9,8,1,1,7,55,0,2,0,0,10,0
32,7234,4,5,3,5,7,3,0,0,5,37,0,3,0,0,1,1
32,7234,4,5,3,5,7,3,1,0,5,37,0,3,0,0,1,1
32,7640,6,4,5,2,5,3,0,1,7,37,0,1,0,0,1,1
32,7640,6,4,5,2,5,3,1,1,7,37,0,1,0,0,1,1
32,7675,1,0,1,3,1,0,0,1,7,20,0,1,0,0,0,1
32,7675,1,0,1,3,1,0,1,1,7,20,0,1,0,0,0,1
32,9246,1,1,0,1,0,1,1,0,1,55,1,1,0,0,0,0
32,9246,1,1,0,1,0,1,0,0,1,55,1,1,0,0,0,0
32,9523,7,8,6,8,8,4,0,1,5,30,0,2,0,0,2,1
32,9523,7,8,6,8,8,4,1,1,5,30,0,2,0,0,2,1
32,9597,1,3,0,4,2,3,1,0,4,22,0,1,0,0,0,0
32,9597,1,3,0,4,2,3,0,0,4,22,0,1,0,0,0,0
32,9785,1,1,0,0,2,2,0,0,2,47,0,1,0,0,0,0
32,9785,1,1,0,0,2,2,1,0,2,47,0,1,0,0,0,0
33,10643,1,1,1,1,1,1,1,0,10,22,0,2,0,0,0,0
33,10643,1,1,1,1,1,1,0,0,10,22,0,2,0,0,0,0
33,10686,1,2,2,1,1,1,1,0,1,36,0,1,0,0,0,1
33,10686,1,2,2,1,1,1,0,0,1,36,0,1,0,0,0,1
33,10975,3,2,7,3,3,4,0,0,2,25,0,2,0,0,1,1
33,10975,3,2,7,3,3,4,1,0,2,25,0,2,0,0,1,1
33,1144,10,7,9,9,10,9,0,0,5,29,1,2,0,0,3,1
33,1144,10,7,9,9,10,9,1,0,5,29,1,2,0,0,3,1
33,1530,1,1,0,1,0,0,0,0,1,69,0,3,0,0,0,0
33,1530,1,1,0,1,0,0,1,0,1,69,0,3,0,0,0,0
33,1682,7,7,10,7,3,6,0,0,1,40,0,1,0,0,3,1
33,1682,7,7,10,7,3,6,1,0,1,40,0,1,0,0,3,1
33,2519,9,9,10,8,9,10,0,1,7,32,0,2,1,3,24,1
33,2519,9,9,10,8,9,10,1,1,7,32,0,2,1,3,24,1
33,2681,4,4,5,3,4,4,1,0,3,43,0,2,0,0,1,1
33,2681,4,4,5,3,4,4,0,0,3,43,0,2,0,0,1,1
33,3480,2,1,2,3,2,3,0,0,2,53,0,2,0,0,1,0
33,3480,2,1,2,3,2,3,1,0,2,53,0,2,0,0,1,0
33,3488,5,5,10,8,5,4,1,0,1,36,0,1,0,0,2,1
33,3488,5,5,10,8,5,4,0,0,1,36,0,1,0,0,2,1
33,3636,8,8,10,9,8,8,1,0,6,54,1,2,0,0,7,1
33,3636,8,8,10,9,8,8,0,0,6,54,1,2,0,0,7,1
33,4476,9,9,10,9,10,10,1,1,8,60,0,2,0,0,19,1
33,4476,9,9,10,9,10,10,0,1,8,60,0,2,0,0,19,1
33,4834,7,10,9,7,8,9,0,0,5,27,1,2,0,0,3,1
33,4834,7,10,9,7,8,9,1,0,5,27,1,2,0,0,3,1
33,4933,10,10,10,9,7,10,0,0,8,37,0,2,0,0,14,1
33,4933,10,10,10,9,7,10,1,0,8,37,0,2,0,0,14,1
33,5138,2,1,2,4,5,0,1,1,7,21,0,1,0,0,0,1
33,5138,2,1,2,4,5,0,0,1,7,21,0,1,0,0,0,1
33,5727,10,10,10,10,9,10,1,0,5,40,0,2,0,0,21,1
33,5727,10,10,10,10,9,10,0,0,5,40,0,2,0,0,21,1
33,6022,9,8,9,8,9,9,1,1,3,58,0,1,0,0,5,1
33,6022,9,8,9,8,9,9,0,1,3,58,0,1,0,0,5,1
33,6631,2,1,1,0,0,1,1,1,5,43,0,2,0,0,0,1
33,6631,2,1,1,0,0,1,0,1,5,43,0,2,0,0,0,1
33,7821,3,3,6,5,5,4,0,0,8,30,0,1,0,0,1,1
33,7821,3,3,6,5,5,4,1,0,8,30,0,1,0,0,1,1
33,8264,2,1,3,1,5,4,1,1,3,30,0,2,0,0,1,1
33,8264,2,1,3,1,5,4,0,1,3,30,0,2,0,0,1,1
33,8355,7,2,8,7,6,6,1,0,4,28,0,2,0,0,2,1
33,8355,7,2,8,7,6,6,0,0,4,28,0,2,0,0,2,1
33,8794,5,1,3,0,1,4,1,0,2,30,1,1,0,0,1,1
33,8794,5,1,3,0,1,4,0,0,2,30,1,1,0,0,1,1
33,9041,2,0,2,2,2,1,1,0,1,36,0,1,0,0,0,0
33,9041,2,0,2,2,2,1,0,0,1,36,0,1,0,0,0,0
33,9475,2,5,4,1,1,3,1,0,1,31,0,2,0,0,1,1
33,9475,2,5,4,1,1,3,0,0,1,31,0,2,0,0,1,1
33,9745,5,5,7,4,4,8,1,1,7,23,0,2,0,0,2,0
33,9745,5,5,7,4,4,8,0,1,7,23,0,2,0,0,2,0
34,10622,9,9,6,9,9,7,1,0,6,44,1,2,0,0,6,1
34,10622,9,9,6,9,9,7,0,0,6,44,1,2,0,0,6,1
34,1128,0,0,0,1,1,0,1,0,5,22,1,1,0,0,0,0
34,1128,0,0,0,1,1,0,0,0,5,22,1,1,0,0,0,0
34,1430,0,0,1,2,4,1,1,0,4,47,0,3,0,0,0,0
34,1430,0,0,1,2,4,1,0,0,4,47,0,3,0,0,0,0
34,2320,4,1,0,3,1,3,1,1,4,22,1,2,0,0,0,1
34,2320,4,1,0,3,1,3,0,1,4,22,1,2,0,0,0,1
34,2511,9,10,7,7,7,5,0,0,3,37,0,3,0,0,2,0
34,2511,9,10,7,7,7,5,1,0,3,37,0,3,0,0,2,0
34,277,9,10,9,9,7,10,1,1,8,47,0,2,0,0,23,0
34,277,9,10,9,9,7,10,0,1,8,47,0,2,0,0,23,0
34,3631,0,0,0,1,1,1,1,0,1,36,1,1,0,0,0,0
34,3631,0,0,0,1,1,1,0,0,1,36,1,1,0,0,0,0
34,3722,6,3,4,3,3,6,1,1,7,23,0,2,0,0,1,0
34,3722,6,3,4,3,3,6,0,1,7,23,0,2,0,0,1,0
34,3841,1,6,4,2,4,5,0,0,2,56,0,1,0,0,1,1
34,3841,1,6,4,2,4,5,1,0,2,56,0,1,0,0,1,1
34,4761,9,10,3,3,4,6,1,1,2,30,0,3,0,0,2,0
34,4761,9,10,3,3,4,6,0,1,2,30,0,3,0,0,2,0
34,4776,10,9,6,6,5,5,0,1,2,38,0,2,0,0,3,1
34,4776,10,9,6,6,5,5,1,1,2,38,0,2,0,0,3,1
34,5432,10,9,8,9,10,8,0,1,1,56,0,1,0,0,9,0
34,5432,10,9,8,9,10,8,1,1,1,56,0,1,0,0,9,0
34,5544,9,8,9,6,6,5,0,0,4,24,1,2,0,0,2,1
34,5544,9,8,9,6,6,5,1,0,4,24,1,2,0,0,2,1
34,6996,0,1,2,2,2,1,1,1,5,21,1,2,0,0,0,0
34,6996,0,1,2,2,2,1,0,1,5,21,1,2,0,0,0,0
34,7123,2,0,1,2,1,1,1,1,2,27,0,2,0,0,0,0
34,7123,2,0,1,2,1,1,0,1,2,27,0,2,0,0,0,0
34,7526,1,0,0,3,1,2,1,1,3,23,0,1,0,0,0,0
34,7526,1,0,0,3,1,2,0,1,3,23,0,1,0,0,0,0
34,754,9,10,9,9,8,10,1,1,4,29,0,2,0,0,4,1
34,754,9,10,9,9,8,10,0,1,4,29,0,2,0,0,4,1
34,8060,0,0,1,1,1,1,1,0,1,62,0,1,0,0,0,1
34,8060,0,0,1,1,1,1,0,0,1,62,0,1,0,0,0,1
34,8129,9,10,9,9,8,9,0,1,9,27,0,2,0,0,5,1
34,8129,9,10,9,9,8,9,1,1,9,27,0,2,0,0,5,1
34,8354,10,10,10,9,9,10,0,1,8,29,0,1,1,0,9,1
34,8354,10,10,10,9,9,10,1,1,8,29,0,1,1,0,9,1
34,844,10,9,5,7,10,8,1,0,6,58,0,2,0,0,6,1
34,844,10,9,5,7,10,8,0,0,6,58,0,2,0,0,6,1
34,8962,1,1,0,1,2,1,1,0,3,32,0,1,0,0,0,0
34,8962,1,1,0,1,2,1,0,0,3,32,0,1,0,0,0,0
34,9730,1,0,0,3,2,1,0,0,2,30,0,1,0,0,0,0
34,9730,1,0,0,3,2,1,1,0,2,30,0,1,0,0,0,0
34,9867,10,9,7,8,8,9,1,0,3,41,0,2,0,0,6,1
34,9867,10,9,7,8,8,9,0,0,3,41,0,2,0,0,6,1
34,9894,10,10,10,9,9,10,1,1,9,34,1,1,0,0,10,1
34,9894,10,10,10,9,9,10,0,1,9,34,1,1,0,0,10,1
35,10484,9,8,6,4,5,6,0,0,1,29,0,1,0,0,2,0
35,10484,9,8,6,4,5,6,1,0,1,29,0,1,0,0,2,0
35,10871,2,1,1,0,1,1,0,0,1,43,1,1,0,0,0,0
35,10871,2,1,1,0,1,1,1,0,1,43,1,1,0,0,0,0
35,10894,10,9,9,7,9,8,0,0,4,33,0,2,0,0,3,1
35,10894,10,9,9,7,9,8,1,0,4,33,0,2,0,0,3,1
35,1196,1,1,1,1,0,1,0,0,1,31,0,1,0,0,0,0
35,1196,1,1,1,1,0,1,1,0,1,31,0,1,0,0,0,0
35,1241,6,5,5,2,2,4,1,1,3,34,0,1,0,0,1,0
35,1241,6,5,5,2,2,4,0,1,3,34,0,1,0,0,1,0
35,1452,2,3,4,1,1,6,0,1,5,21,1,1,0,1,0,0
35,1452,2,3,4,1,1,6,1,1,5,21,1,1,0,1,0,0
35,2278,0,1,1,0,1,0,0,1,1,63,0,1,0,0,0,0
35,2278,0,1,1,0,1,0,1,1,1,63,0,1,0,0,0,0
35,3774,1,2,1,0,0,0,0,0,1,61,0,1,0,0,0,0
35,3774,1,2,1,0,0,0,1,0,1,61,0,1,0,0,0,0
35,3805,4,4,3,0,3,1,1,1,2,28,0,1,0,0,0,1
35,3805,4,4,3,0,3,1,0,1,2,28,0,1,0,0,0,1
35,4288,6,7,4,5,5,1,0,0,1,51,0,1,0,0,2,1
35,4288,6,7,4,5,5,1,1,0,1,51,0,1,0,0,2,1
35,4397,8,7,6,4,4,4,1,1,4,37,0,2,0,0,2,1
35,4397,8,7,6,4,4,4,0,1,4,37,0,2,0,0,2,1
35,4931,0,1,2,0,1,1,0,1,1,50,0,1,0,0,0,1
35,4931,0,1,2,0,1,1,1,1,1,50,0,1,0,0,0,1
35,5326,9,8,7,9,8,8,1,1,4,34,0,1,0,0,3,0
35,5326,9,8,7,9,8,8,0,1,4,34,0,1,0,0,3,0
35,5951,1,2,0,0,1,1,0,0,2,33,1,3,0,0,0,1
35,5951,1,2,0,0,1,1,1,0,2,33,1,3,0,0,0,1
35,7166,4,4,2,1,1,4,1,0,5,33,1,2,0,0,1,1
35,7166,4,4,2,1,1,4,0,0,5,33,1,2,0,0,1,1
35,7341,4,2,3,0,1,2,1,1,5,25,0,2,0,0,0,0
35,7341,4,2,3,0,1,2,0,1,5,25,0,2,0,0,0,0
35,7807,10,10,10,9,10,9,1,1,8,34,0,1,0,0,13,1
35,7807,10,10,10,9,10,9,0,1,8,34,0,1,0,0,13,1
35,7894,3,3,3,3,2,3,1,0,8,20,0,2,0,0,0,1
35,7894,3,3,3,3,2,3,0,0,8,20,0,2,0,0,0,1
35,8223,10,9,10,10,10,9,0,0,10,31,1,1,0,0,14,1
35,8223,10,9,10,10,10,9,1,0,10,31,1,1,0,0,14,1
35,863,9,9,10,9,10,8,0,0,4,40,0,1,0,0,5,1
35,863,9,9,10,9,10,8,1,0,4,40,0,1,0,0,5,1
35,8728,2,1,1,0,0,1,1,0,6,24,1,1,0,0,0,0
35,8728,2,1,1,0,0,1,0,0,6,24,1,1,0,0,0,0
35,9136,9,8,10,10,8,9,0,0,4,26,0,2,0,0,5,1
35,9136,9,8,10,10,8,9,1,0,4,26,0,2,0,0,5,1
35,934,9,10,10,9,8,10,1,1,5,25,0,2,0,0,4,1
35,934,9,10,10,9,8,10,0,1,5,25,0,2,0,0,4,1
35,9436,10,9,10,10,9,10,0,1,7,27,0,2,0,0,11,1
35,9436,10,9,10,10,9,10,1,1,7,27,0,2,0,0,11,1
35,990,2,2,1,0,2,3,0,0,6,45,1,1,0,0,1,1
35,990,2,2,1,0,2,3,1,0,6,45,1,1,0,0,1,1
36,10626,2,2,1,0,4,1,0,0,1,46,0,1,0,0,0,1
36,10626,2,2,1,0,4,1,1,0,1,46,0,1,0,0,0,1
36,1729,2,3,5,2,1,4,1,1,2,39,0,2,0,0,1,0
36,1729,2,3,5,2,1,4,0,1,2,39,0,2,0,0,1,0
36,2054,5,3,4,3,0,0,1,0,2,25,0,1,0,0,0,1
36,2054,5,3,4,3,0,0,0,0,2,25,0,1,0,0,0,1
36,2262,2,2,2,2,2,1,0,1,3,23,0,2,0,0,0,0
36,2262,2,2,2,2,2,1,1,1,3,23,0,2,0,0,0,0
36,2382,9,9,10,10,10,10,1,1,6,58,0,2,0,0,24,1
36,2382,9,9,10,10,10,10,0,1,6,58,0,2,0,0,24,1
36,2914,8,5,6,5,3,3,1,0,9,29,0,2,0,0,1,1
36,2914,8,5,6,5,3,3,0,0,9,29,0,2,0,0,1,1
36,3438,3,0,2,1,1,1,0,1,6,26,0,1,0,0,0,0
36,3438,3,0,2,1,1,1,1,1,6,26,0,1,0,0,0,0
36,4408,10,10,9,8,8,10,0,0,1,42,0,2,0,0,3,1
36,4408,10,10,9,8,8,10,1,0,1,42,0,2,0,0,3,1
36,4518,9,9,10,8,10,10,1,1,3,24,0,2,0,0,5,1
36,4518,9,9,10,8,10,10,0,1,3,24,0,2,0,0,5,1
36,4873,7,8,10,10,8,7,0,1,6,27,1,2,0,0,4,1
36,4873,7,8,10,10,8,7,1,1,6,27,1,2,0,0,4,1
36,5650,10,10,10,10,10,9,1,0,4,28,0,2,0,0,5,1
36,5650,10,10,10,10,10,9,0,0,4,28,0,2,0,0,5,1
36,5655,2,0,1,0,0,0,0,0,3,25,1,1,0,0,0,0
36,5655,2,0,1,0,0,0,1,0,3,25,1,1,0,0,0,0
36,5793,7,5,6,5,5,8,0,1,3,36,1,2,0,0,1,1
36,5793,7,5,6,5,5,8,1,1,3,36,1,2,0,0,1,1
36,6043,8,9,6,4,6,6,0,0,3,50,0,1,0,0,3,1
36,6043,8,9,6,4,6,6,1,0,3,50,0,1,0,0,3,1
36,6264,1,3,0,0,0,2,1,0,10,29,1,2,0,0,0,1
36,6264,1,3,0,0,0,2,0,0,10,29,1,2,0,0,0,1
36,640,4,3,4,2,3,2,1,1,7,20,0,2,0,0,0,1
36,640,4,3,4,2,3,2,0,1,7,20,0,2,0,0,0,1
36,646,3,2,2,3,2,1,1,1,1,48,0,3,0,0,1,0
36,646,3,2,2,3,2,1,0,1,1,48,0,3,0,0,1,0
36,6481,1,1,2,1,1,1,1,0,4,23,1,2,0,0,0,0
36,6481,1,1,2,1,1,1,0,0,4,23,1,2,0,0,0,0
36,6503,4,3,5,2,2,6,0,1,2,37,0,3,0,0,1,1
36,6503,4,3,5,2,2,6,1,1,2,37,0,3,0,0,1,1
36,7738,6,5,6,3,6,8,0,0,2,32,0,1,0,0,2,1
36,7738,6,5,6,3,6,8,1,0,2,32,0,1,0,0,2,1
36,7903,2,0,1,0,0,0,1,0,1,52,1,2,0,0,0,0
36,7903,2,0,1,0,0,0,0,0,1,52,1,2,0,0,0,0
36,8479,6,9,9,8,5,8,0,1,4,47,0,2,0,0,4,1
36,8479,6,9,9,8,5,8,1,1,4,47,0,2,0,0,4,1
36,8560,8,7,5,7,6,7,0,0,1,47,0,1,0,0,2,0
36,8560,8,7,5,7,6,7,1,0,1,47,0,1,0,0,2,0
36,8867,9,9,9,6,9,7,0,0,10,24,0,1,0,0,6,1
36,8867,9,9,9,6,9,7,1,0,10,24,0,1,0,0,6,1
36,9506,3,1,2,0,1,2,0,1,9,24,0,2,0,0,0,0
36,9506,3,1,2,0,1,2,1,1,9,24,0,2,0,0,0,0
37,1004,7,8,8,8,8,9,0,1,6,23,0,3,0,0,2,0
37,1004,7,8,8,8,8,9,1,1,6,23,0,3,0,0,2,0
37,10577,4,2,4,1,3,2,1,1,2,59,0,1,0,0,0,0
37,10577,4,2,4,1,3,2,0,1,2,59,0,1,0,0,0,0
37,10851,10,8,7,9,9,7,1,1,3,29,1,2,0,0,2,1
37,10851,10,8,7,9,9,7,0,1,3,29,1,2,0,0,2,1
37,1153,7,8,9,4,9,6,1,1,8,20,1,1,0,0,1,1
37,1153,7,8,9,4,9,6,0,1,8,20,1,1,0,0,1,1
37,1329,10,9,9,9,8,9,0,1,8,22,0,1,0,1,1,1
37,1329,10,9,9,9,8,9,1,1,8,22,0,1,0,1,1,1
37,1526,10,10,9,10,10,9,0,0,4,36,0,2,0,0,5,1
37,1526,10,10,9,10,10,9,1,0,4,36,0,2,0,0,5,1
37,1562,3,2,1,1,2,2,0,0,3,26,0,3,0,0,0,1
37,1562,3,2,1,1,2,2,1,0,3,26,0,3,0,0,0,1
37,1795,3,4,4,2,2,2,1,0,6,22,1,3,0,0,0,1
37,1795,3,4,4,2,2,2,0,0,6,22,1,3,0,0,0,1
37,2618,10,10,9,9,10,9,0,1,9,34,0,2,0,0,27,1
37,2618,10,10,9,9,10,9,1,1,9,34,0,2,0,0,27,1
37,2772,8,9,9,8,9,8,1,1,8,23,0,2,0,0,2,0
37,2772,8,9,9,8,9,8,0,1,8,23,0,2,0,0,2,0
37,2930,9,10,10,9,10,9,0,1,10,29,0,2,0,0,10,0
37,2930,9,10,10,9,10,9,1,1,10,29,0,2,0,0,10,0
37,3444,2,3,5,1,4,5,1,1,2,44,0,1,0,0,0,1
37,3444,2,3,5,1,4,5,0,1,2,44,0,1,0,0,0,1
37,3941,2,1,2,0,0,3,0,0,3,37,0,1,0,0,0,0
37,3941,2,1,2,0,0,3,1,0,3,37,0,1,0,0,0,0
37,4421,10,9,8,10,9,8,1,1,2,53,1,2,0,0,10,1
37,4421,10,9,8,10,9,8,0,1,2,53,1,2,0,0,10,1
37,446,3,1,1,0,0,3,1,0,6,21,1,2,0,0,0,0
37,446,3,1,1,0,0,3,0,0,6,21,1,2,0,0,0,0
37,4634,2,3,3,1,1,2,0,1,4,27,0,1,0,0,0,0
37,4634,2,3,3,1,1,2,1,1,4,27,0,1,0,0,0,0
37,5123,9,10,9,8,8,9,0,1,3,31,0,2,0,0,3,1
37,5123,9,10,9,8,8,9,1,1,3,31,0,2,0,0,3,1
37,5349,5,3,5,4,2,4,1,1,10,20,0,1,0,0,0,1
37,5349,5,3,5,4,2,4,0,1,10,20,0,1,0,0,0,1
37,6606,1,2,2,1,2,4,1,0,5,43,0,2,0,0,0,1
37,6606,1,2,2,1,2,4,0,0,5,43,0,2,0,0,0,1
37,6939,6,7,7,7,7,4,0,0,1,62,0,1,0,0,2,1
37,6939,6,7,7,7,7,4,1,0,1,62,0,1,0,0,2,1
37,8191,1,2,3,1,1,5,1,0,4,21,0,2,0,0,0,1
37,8191,1,2,3,1,1,5,0,0,4,21,0,2,0,0,0,1
37,8703,0,1,3,1,1,2,0,0,1,61,1,1,0,0,0,1
37,8703,0,1,3,1,1,2,1,0,1,61,1,1,0,0,0,1
37,8970,1,0,1,1,0,1,0,1,1,69,0,1,0,0,0,0
37,8970,1,0,1,1,0,1,1,1,1,69,0,1,0,0,0,0
37,9170,9,6,6,2,7,4,0,0,1,52,0,1,0,0,1,1
37,9170,9,6,6,2,7,4,1,0,1,52,0,1,0,0,1,1
37,9662,8,7,8,9,8,7,0,0,3,56,0,1,0,0,3,0
37,9662,8,7,8,9,8,7,1,0,3,56,0,1,0,0,3,0
38,10899,8,9,10,10,9,10,1,1,5,25,0,1,0,0,7,0
38,10899,8,9,10,10,9,10,0,1,5,25,0,1,0,0,7,0
38,1397,5,4,5,2,4,3,1,0,9,63,0,2,0,0,3,0
38,1397,5,4,5,2,4,3,0,0,9,63,0,2,0,0,3,0
38,154,1,1,1,0,0,1,0,1,1,39,1,1,0,0,0,1
38,154,1,1,1,0,0,1,1,1,1,39,1,1,0,0,0,1
38,1553,3,2,0,1,4,1,1,1,1,51,0,3,0,0,0,1
38,1553,3,2,0,1,4,1,0,1,1,51,0,3,0,0,0,1
38,2149,1,2,1,0,0,2,1,1,1,33,0,2,0,0,0,1
38,2149,1,2,1,0,0,2,0,1,1,33,0,2,0,0,0,1
38,2206,4,3,5,2,1,6,0,0,7,30,0,2,0,0,2,0
38,2206,4,3,5,2,1,6,1,0,7,30,0,2,0,0,2,0
38,2515,10,9,10,10,9,10,0,0,10,28,0,2,2,1,11,1
38,2515,10,9,10,10,9,10,1,0,10,28,0,2,2,1,11,1
38,2843,0,0,0,0,1,2,0,0,1,39,0,1,0,0,0,0
38,2843,0,0,0,0,1,2,1,0,1,39,0,1,0,0,0,0
38,2943,2,0,2,0,2,2,1,0,1,42,0,1,0,0,0,1
38,2943,2,0,2,0,2,2,0,0,1,42,0,1,0,0,0,1
38,319,9,9,7,5,7,8,1,1,1,56,0,1,0,0,7,1
38,319,9,9,7,5,7,8,0,1,1,56,0,1,0,0,7,1
38,4820,9,9,7,10,10,10,1,1,8,62,0,2,0,0,13,1
38,4820,9,9,7,10,10,10,0,1,8,62,0,2,0,0,13,1
38,5646,8,9,9,9,10,10,1,1,6,23,0,2,0,0,6,1
38,5646,8,9,9,9,10,10,0,1,6,23,0,2,0,0,6,1
38,5801,7,10,7,7,8,9,1,1,3,51,0,1,0,0,6,1
38,5801,7,10,7,7,8,9,0,1,3,51,0,1,0,0,6,1
38,6537,9,8,9,7,10,9,1,1,4,26,0,1,0,0,4,1
38,6537,9,8,9,7,10,9,0,1,4,26,0,1,0,0,4,1
38,6963,7,6,5,3,4,8,1,0,2,49,1,1,0,0,2,1
38,6963,7,6,5,3,4,8,0,0,2,49,1,1,0,0,2,1
38,7930,10,10,9,9,8,9,1,1,5,22,0,1,0,0,5,0
38,7930,10,10,9,9,8,9,0,1,5,22,0,1,0,0,5,0
38,8041,9,9,9,9,8,9,0,1,4,27,0,3,0,0,6,1
38,8041,9,9,9,9,8,9,1,1,4,27,0,3,0,0,6,1
38,8111,10,8,9,7,10,8,0,1,8,27,0,2,0,0,4,1
38,8111,10,8,9,7,10,8,1,1,8,27,0,2,0,0,4,1
38,8518,5,6,7,2,3,6,0,1,10,21,0,2,0,0,1,1
38,8518,5,6,7,2,3,6,1,1,10,21,0,2,0,0,1,1
38,8641,2,4,1,1,1,2,0,0,1,77,0,1,0,0,1,0
38,8641,2,4,1,1,1,2,1,0,1,77,0,1,0,0,1,0
38,9216,0,0,0,0,1,1,0,0,1,66,0,1,0,0,0,0
38,9216,0,0,0,0,1,1,1,0,1,66,0,1,0,0,0,0
38,9283,9,10,9,7,8,10,0,1,1,40,0,1,0,0,5,1
38,9283,9,10,9,7,8,10,1,1,1,40,0,1,0,0,5,1
38,947,9,7,8,7,9,8,1,0,10,23,1,1,0,0,3,1
38,947,9,7,8,7,9,8,0,0,10,23,1,1,0,0,3,1
38,9636,10,10,10,10,10,10,1,1,10,30,0,2,0,2,13,1
38,9636,10,10,10,10,10,10,0,1,10,30,0,2,0,2,13,1
38,9868,2,0,3,2,2,5,0,0,10,32,0,2,0,0,1,0
38,9868,2,0,3,2,2,5,1,0,10,32,0,2,0,0,1,0
39,10334,3,1,1,2,2,0,1,1,6,20,0,2,0,0,0,1
39,10334,3,1,1,2,2,0,0,1,6,20,0,2,0,0,0,1
39,10544,1,1,1,1,0,0,0,0,1,67,0,1,0,0,0,0
39,10544,1,1,1,1,0,0,1,0,1,67,0,1,0,0,0,0
39,10699,10,10,10,9,10,10,0,1,10,57,0,2,0,0,28,1
39,10699,10,10,10,9,10,10,1,1,10,57,0,2,0,0,28,1
39,1240,10,10,10,10,10,9,0,0,10,29,0,2,0,1,16,1
39,1240,10,10,10,10,10,9,1,0,10,29,0,2,0,1,16,1
39,1532,2,1,2,2,3,0,0,0,1,59,0,3,0,0,1,0
39,1532,2,1,2,2,3,0,1,0,1,59,0,3,0,0,1,0
39,2100,3,1,1,0,1,0,1,0,1,44,0,1,0,0,0,0
39,2100,3,1,1,0,1,0,0,0,1,44,0,1,0,0,0,0
39,2128,10,8,8,7,9,7,1,1,3,26,0,2,0,0,3,1
39,2128,10,8,8,7,9,7,0,1,3,26,0,2,0,0,3,1
39,2504,3,2,0,2,3,0,1,1,2,22,0,1,0,0,0,0
39,2504,3,2,0,2,3,0,0,1,2,22,0,1,0,0,0,0
39,2589,10,10,9,9,8,10,1,0,4,34,1,3,0,0,5,1
39,2589,10,10,9,9,8,10,0,0,4,34,1,3,0,0,5,1
39,3019,1,1,1,1,0,1,1,1,2,50,0,1,0,0,0,0
39,3019,1,1,1,1,0,1,0,1,2,50,0,1,0,0,0,0
39,3656,1,1,1,0,0,0,0,0,9,22,0,2,0,0,0,0
39,3656,1,1,1,0,0,0,1,0,9,22,0,2,0,0,0,0
39,4833,8,7,8,8,9,8,0,0,5,25,0,1,0,0,2,1
39,4833,8,7,8,8,9,8,1,0,5,25,0,1,0,0,2,1
39,5177,6,8,6,5,6,8,0,1,1,37,0,3,0,0,3,0
39,5177,6,8,6,5,6,8,1,1,1,37,0,3,0,0,3,0
39,5760,4,3,1,1,1,0,1,0,1,38,0,1,0,0,0,0
39,5760,4,3,1,1,1,0,0,0,1,38,0,1,0,0,0,0
39,5825,10,10,10,9,9,9,1,1,9,24,0,2,0,0,11,1
39,5825,10,10,10,9,9,9,0,1,9,24,0,2,0,0,11,1
39,6389,10,9,9,9,10,8,0,1,7,29,1,1,0,0,6,1
39,6389,10,9,9,9,10,8,1,1,7,29,1,1,0,0,6,1
39,6420,9,10,10,9,10,7,1,1,9,24,0,2,0,1,9,0
39,6420,9,10,10,9,10,7,0,1,9,24,0,2,0,1,9,0
39,6744,7,8,9,7,8,8,1,1,10,25,0,2,0,1,3,0
39,6744,7,8,9,7,8,8,0,1,10,25,0,2,0,1,3,0
39,7084,3,6,3,2,3,1,0,0,5,24,1,1,0,0,0,1
39,7084,3,6,3,2,3,1,1,0,5,24,1,1,0,0,0,1
39,7231,4,8,7,5,6,6,1,0,7,37,0,2,0,0,3,0
39,7231,4,8,7,5,6,6,0,0,7,37,0,2,0,0,3,0
39,7334,10,10,10,10,10,9,0,1,10,26,0,2,0,1,24,1
39,7334,10,10,10,10,10,9,1,1,10,26,0,2,0,1,24,1
39,7631,5,3,2,3,4,1,1,1,5,22,0,1,0,0,0,1
39,7631,5,3,2,3,4,1,0,1,5,22,0,1,0,0,0,1
39,787,10,10,9,9,10,10,0,0,4,30,0,3,0,0,7,0
39,787,10,10,9,9,10,10,1,0,4,30,0,3,0,0,7,0
39,8149,8,10,9,8,7,8,1,0,3,27,0,1,0,0,3,0
39,8149,8,10,9,8,7,8,0,0,3,27,0,1,0,0,3,0
39,8530,1,2,3,2,3,0,0,0,1,45,0,3,0,0,0,1
39,8530,1,2,3,2,3,0,1,0,1,45,0,3,0,0,0,1
4,10709,1,1,0,0,0,0,1,0,1,74,0,1,0,0,0,0
4,10709,1,1,0,0,0,0,0,0,1,74,0,1,0,0,0,0
4,10958,6,6,6,5,5,7,1,0,6,49,1,1,0,0,2,1
4,10958,6,6,6,5,5,7,0,0,6,49,1,1,0,0,2,1
4,1162,9,8,10,9,8,9,0,1,7,26,0,2,0,0,5,1
4,1162,9,8,10,9,8,9,1,1,7,26,0,2,0,0,5,1
4,1385,8,7,10,9,6,8,1,1,2,28,0,2,0,0,4,0
4,1385,8,7,10,9,6,8,0,1,2,28,0,2,0,0,4,0
4,1856,8,6,8,4,3,3,0,0,4,21,0,1,0,0,1,1
4,1856,8,6,8,4,3,3,1,0,4,21,0,1,0,0,1,1
4,2773,8,8,10,9,9,9,1,1,7,49,1,2,0,0,14,0
4,2773,8,8,10,9,9,9,0,1,7,49,1,2,0,0,14,0
4,3315,1,0,0,0,0,0,0,0,1,62,0,1,0,0,0,0
4,3315,1,0,0,0,0,0,1,0,1,62,0,1,0,0,0,0
4,3738,8,8,10,8,10,9,0,0,9,28,0,1,0,0,14,1
4,3738,8,8,10,8,10,9,1,0,9,28,0,1,0,0,14,1
4,3794,1,1,0,0,0,2,0,1,7,46,0,2,0,0,0,1
4,3794,1,1,0,0,0,2,1,1,7,46,0,2,0,0,0,1
4,3848,10,9,10,8,10,10,0,1,8,26,0,2,0,0,5,1
4,3848,10,9,10,8,10,10,1,1,8,26,0,2,0,0,5,1
4,4193,0,2,0,0,0,1,0,0,1,44,0,3,0,0,0,0
4,4193,0,2,0,0,0,1,1,0,1,44,0,3,0,0,0,0
4,4558,0,3,0,1,1,2,1,0,1,33,0,1,0,0,0,1
4,4558,0,3,0,1,1,2,0,0,1,33,0,1,0,0,0,1
4,5127,1,1,1,1,0,0,1,0,4,25,1,1,0,0,0,0
4,5127,1,1,1,1,0,0,0,0,4,25,1,1,0,0,0,0
4,5449,2,4,5,4,2,6,0,0,3,32,0,1,0,0,1,1
4,5449,2,4,5,4,2,6,1,0,3,32,0,1,0,0,1,1
4,5489,9,9,10,10,10,10,1,1,8,24,0,2,0,0,7,1
4,5489,9,9,10,10,10,10,0,1,8,24,0,2,0,0,7,1
4,5830,9,9,9,7,6,9,0,0,4,25,0,1,0,0,2,1
4,5830,9,9,9,7,6,9,1,0,4,25,0,1,0,0,2,1
4,6386,8,10,8,8,7,9,0,1,3,28,0,3,0,0,2,1
4,6386,8,10,8,8,7,9,1,1,3,28,0,3,0,0,2,1
4,6546,6,9,7,6,6,9,1,0,8,28,0,3,0,0,2,1
4,6546,6,9,7,6,6,9,0,0,8,28,0,3,0,0,2,1
4,853,5,4,4,6,5,8,1,0,3,50,0,2,0,0,3,0
4,853,5,4,4,6,5,8,0,0,3,50,0,2,0,0,3,0
4,8924,6,4,5,4,2,3,0,1,4,27,0,2,0,0,1,1
4,8924,6,4,5,4,2,3,1,1,4,27,0,2,0,0,1,1
4,9231,7,9,9,5,7,10,0,0,4,35,0,1,0,0,3,1
4,9231,7,9,9,5,7,10,1,0,4,35,0,1,0,0,3,1
4,9242,0,1,3,0,1,2,1,0,1,38,0,1,0,0,0,1
4,9242,0,1,3,0,1,2,0,0,1,38,0,1,0,0,0,1
4,9352,9,9,10,9,8,9,1,0,10,20,0,1,0,4,4,1
4,9352,9,9,10,9,8,9,0,0,10,20,0,1,0,4,4,1
4,9919,0,1,2,0,0,1,0,0,4,32,0,2,0,0,0,0
4,9919,0,1,2,0,0,1,1,0,4,32,0,2,0,0,0,0
4,9933,9,9,9,10,10,10,0,1,10,27,0,2,2,0,14,1
4,9933,9,9,9,10,10,10,1,1,10,27,0,2,2,0,14,1
40,10068,2,1,2,2,2,0,1,0,4,22,0,1,0,0,0,1
40,10068,2,1,2,2,2,0,0,0,4,22,0,1,0,0,0,1
40,10394,0,0,1,1,0,0,0,0,1,30,0,2,0,0,0,0
40,10394,0,0,1,1,0,0,1,0,1,30,0,2,0,0,0,0
40,10720,4,4,4,3,4,4,0,1,6,22,0,2,0,0,1,0
40,10720,4,4,4,3,4,4,1,1,6,22,0,2,0,0,1,0
40,1216,7,6,5,5,5,6,1,0,6,28,0,1,0,0,2,1
40,1216,7,6,5,5,5,6,0,0,6,28,0,1,0,0,2,1
40,1670,4,7,4,3,3,4,1,1,6,23,0,2,0,0,1,1
40,1670,4,7,4,3,3,4,0,1,6,23,0,2,0,0,1,1
40,2507,9,10,9,7,8,9,0,0,6,28,0,2,0,0,5,0
40,2507,9,10,9,7,8,9,1,0,6,28,0,2,0,0,5,0
40,2934,4,8,5,2,5,5,1,1,3,25,0,2,0,0,1,1
40,2934,4,8,5,2,5,5,0,1,3,25,0,2,0,0,1,1
40,3236,10,10,10,10,9,10,1,1,10,29,0,2,0,0,12,1
40,3236,10,10,10,10,9,10,0,1,10,29,0,2,0,0,12,1
40,3679,2,5,4,4,2,3,0,1,3,47,1,1,0,0,0,0
40,3679,2,5,4,4,2,3,1,1,3,47,1,1,0,0,0,0
40,4536,3,3,2,2,3,1,1,0,1,44,1,1,0,0,1,1
40,4536,3,3,2,2,3,1,0,0,1,44,1,1,0,0,1,1
40,4553,6,3,4,5,4,3,1,0,3,34,0,3,0,0,2,0
40,4553,6,3,4,5,4,3,0,0,3,34,0,3,0,0,2,0
40,5001,0,0,0,2,0,3,0,1,2,23,0,2,0,0,0,0
40,5001,0,0,0,2,0,3,1,1,2,23,0,2,0,0,0,0
40,5297,10,10,10,10,9,8,0,1,8,30,1,2,0,0,15,0
40,5297,10,10,10,10,9,8,1,1,8,30,1,2,0,0,15,0
40,5877,10,10,10,10,9,9,1,0,9,35,0,2,0,1,8,1
40,5877,10,10,10,10,9,9,0,0,9,35,0,2,0,1,8,1
40,5997,5,6,6,5,5,8,1,0,6,24,0,1,0,0,1,1
40,5997,5,6,6,5,5,8,0,0,6,24,0,1,0,0,1,1
40,6391,4,6,8,7,7,3,0,1,8,24,0,2,0,0,2,0
40,6391,4,6,8,7,7,3,1,1,8,24,0,2,0,0,2,0
40,6788,8,10,9,9,10,9,1,0,3,61,0,2,0,0,12,1
40,6788,8,10,9,9,10,9,0,0,3,61,0,2,0,0,12,1
40,7153,0,0,1,2,1,1,0,0,4,21,0,2,0,0,0,0
40,7153,0,0,1,2,1,1,1,0,4,21,0,2,0,0,0,0
40,7722,8,9,9,8,8,9,0,1,9,23,1,2,0,0,3,1
40,7722,8,9,9,8,8,9,1,1,9,23,1,2,0,0,3,1
40,7923,9,9,6,9,10,5,0,1,7,68,0,1,0,0,7,1
40,7923,9,9,6,9,10,5,1,1,7,68,0,1,0,0,7,1
40,7945,9,6,9,5,8,7,1,0,2,26,0,1,0,0,2,1
40,7945,9,6,9,5,8,7,0,0,2,26,0,1,0,0,2,1
40,7975,10,10,10,10,9,10,0,1,10,23,0,1,8,2,11,1
40,7975,10,10,10,10,9,10,1,1,10,23,0,1,8,2,11,1
40,8876,10,9,9,10,10,10,1,0,3,29,0,2,0,0,7,1
40,8876,10,9,9,10,10,10,0,0,3,29,0,2,0,0,7,1
40,9165,1,1,1,1,0,2,1,0,9,26,0,2,0,0,0,1
40,9165,1,1,1,1,0,2,0,0,9,26,0,2,0,0,0,1
40,9473,10,10,10,9,10,10,1,0,7,38,0,2,0,0,14,1
40,9473,10,10,10,9,10,10,0,0,7,38,0,2,0,0,14,1
5,10319,5,6,8,2,1,6,1,1,1,43,0,2,0,0,3,1
5,10319,5,6,8,2,1,6,0,1,1,43,0,2,0,0,3,1
5,10327,0,1,2,0,0,3,1,0,5,23,0,1,0,0,0,0
5,10327,0,1,2,0,0,3,0,0,5,23,0,1,0,0,0,0
5,1044,10,9,8,4,3,10,0,0,5,36,0,2,0,1,4,0
5,1044,10,9,8,4,3,10,1,0,5,36,0,2,0,1,4,0
5,1130,10,10,10,10,10,10,0,1,5,30,0,1,0,0,22,1
5,1130,10,10,10,10,10,10,1,1,5,30,0,1,0,0,22,1
5,115,7,6,5,1,2,6,0,1,4,26,1,2,0,0,1,1
5,115,7,6,5,1,2,6,1,1,4,26,1,2,0,0,1,1
5,2006,0,2,4,1,0,1,1,1,8,22,0,2,0,0,0,1
5,2006,0,2,4,1,0,1,0,1,8,22,0,2,0,0,0,1
5,2020,10,10,9,10,10,10,1,0,7,28,0,3,0,0,11,0
5,2020,10,10,9,10,10,10,0,0,7,28,0,3,0,0,11,0
5,2156,2,5,2,3,2,3,1,1,5,45,0,1,0,0,1,1
5,2156,2,5,2,3,2,3,0,1,5,45,0,1,0,0,1,1
5,2195,10,10,10,10,7,10,1,1,6,25,0,2,0,0,8,1
5,2195,10,10,10,10,7,10,0,1,6,25,0,2,0,0,8,1
5,2737,10,10,10,9,10,9,0,1,8,26,0,2,0,0,9,1
5,2737,10,10,10,9,10,9,1,1,8,26,0,2,0,0,9,1
5,2901,8,7,10,6,5,10,0,1,9,26,0,2,0,0,6,1
5,2901,8,7,10,6,5,10,1,1,9,26,0,2,0,0,6,1
5,3145,9,9,10,10,9,10,1,1,5,30,0,2,0,1,7,1
5,3145,9,9,10,10,9,10,0,1,5,30,0,2,0,1,7,1
5,3309,9,9,10,8,7,7,0,1,5,26,0,1,0,0,5,1
5,3309,9,9,10,8,7,7,1,1,5,26,0,1,0,0,5,1
5,3863,0,0,0,0,0,0,0,0,2,26,0,1,0,0,0,0
5,3863,0,0,0,0,0,0,1,0,2,26,0,1,0,0,0,0
5,4342,6,7,8,2,6,6,0,1,8,23,0,2,0,0,2,1
5,4342,6,7,8,2,6,6,1,1,8,23,0,2,0,0,2,1
5,4996,7,6,7,2,0,3,0,0,1,27,0,1,0,0,1,1
5,4996,7,6,7,2,0,3,1,0,1,27,0,1,0,0,1,1
5,5307,7,9,9,6,4,9,1,0,4,36,0,2,0,0,4,1
5,5307,7,9,9,6,4,9,0,0,4,36,0,2,0,0,4,1
5,5543,6,6,7,2,5,7,1,1,3,45,0,1,0,0,3,0
5,5543,6,6,7,2,5,7,0,1,3,45,0,1,0,0,3,0
5,5882,4,4,3,3,3,6,0,1,2,44,0,2,0,0,0,1
5,5882,4,4,3,3,3,6,1,1,2,44,0,2,0,0,0,1
5,6129,5,3,5,2,1,6,1,0,1,28,0,2,0,0,1,1
5,6129,5,3,5,2,1,6,0,0,1,28,0,2,0,0,1,1
5,7003,10,10,9,8,7,8,1,1,2,61,0,2,0,0,20,0
5,7003,10,10,9,8,7,8,0,1,2,61,0,2,0,0,20,0
5,7258,8,9,10,10,10,9,1,1,7,26,0,2,0,0,8,1
5,7258,8,9,10,10,10,9,0,1,7,26,0,2,0,0,8,1
5,7457,10,9,10,8,10,10,0,1,7,26,0,2,0,0,5,1
5,7457,10,9,10,8,10,10,1,1,7,26,0,2,0,0,5,1
5,7602,10,10,10,10,10,10,0,1,7,31,0,2,0,0,11,1
5,7602,10,10,10,10,10,10,1,1,7,31,0,2,0,0,11,1
5,7636,0,0,0,0,0,1,1,0,2,38,1,2,0,0,0,0
5,7636,0,0,0,0,0,1,0,0,2,38,1,2,0,0,0,0
6,1865,2,2,3,4,3,0,1,0,1,36,0,1,0,0,0,1
6,1865,2,2,3,4,3,0,0,0,1,36,0,1,0,0,0,1
6,206,9,9,10,10,9,9,1,1,4,29,1,1,0,1,10,1
6,206,9,9,10,10,9,9,0,1,4,29,1,1,0,1,10,1
6,2955,3,5,5,3,3,4,1,0,2,30,0,2,0,0,1,0
6,2955,3,5,5,3,3,4,0,0,2,30,0,2,0,0,1,0
6,4101,10,10,10,10,8,9,1,1,10,31,0,2,0,2,8,0
6,4101,10,10,10,10,8,9,0,1,10,31,0,2,0,2,8,0
6,4226,7,9,9,10,7,7,1,1,4,31,0,1,0,0,3,1
6,4226,7,9,9,10,7,7,0,1,4,31,0,1,0,0,3,1
6,4258,3,1,0,3,1,2,0,0,2,25,0,1,0,0,0,0
6,4258,3,1,0,3,1,2,1,0,2,25,0,1,0,0,0,0
6,4404,4,4,7,7,5,3,0,1,10,28,1,2,0,0,0,1
6,4404,4,4,7,7,5,3,1,1,10,28,1,2,0,0,0,1
6,4686,1,2,1,1,2,1,0,0,1,50,1,2,0,0,0,0
6,4686,1,2,1,1,2,1,1,0,1,50,1,2,0,0,0,0
6,4967,10,10,10,10,9,10,1,1,6,32,0,2,0,3,10,1
6,4967,10,10,10,10,9,10,0,1,6,32,0,2,0,3,10,1
6,5575,10,9,10,9,9,10,1,1,7,29,1,2,0,0,9,1
6,5575,10,9,10,9,9,10,0,1,7,29,1,2,0,0,9,1
6,6424,4,4,1,2,3,1,0,0,1,45,0,3,0,0,1,0
6,6424,4,4,1,2,3,1,1,0,1,45,0,3,0,0,1,0
6,6908,9,10,10,9,8,10,0,1,7,30,0,2,0,0,21,1
6,6908,9,10,10,9,8,10,1,1,7,30,0,2,0,0,21,1
6,7348,3,2,3,2,2,0,0,0,2,38,0,2,0,0,0,0
6,7348,3,2,3,2,2,0,1,0,2,38,0,2,0,0,0,0
6,7472,1,1,1,1,0,1,1,0,1,80,0,1,0,0,0,0
6,7472,1,1,1,1,0,1,0,0,1,80,0,1,0,0,0,0
6,7555,1,1,0,2,1,1,0,0,1,64,1,1,0,0,0,0
6,7555,1,1,0,2,1,1,1,0,1,64,1,1,0,0,0,0
6,7578,8,6,5,4,3,5,0,0,2,43,1,2,0,0,2,0
6,7578,8,6,5,4,3,5,1,0,2,43,1,2,0,0,2,0
6,7985,4,5,4,6,5,2,1,0,4,35,0,2,0,0,0,1
6,7985,4,5,4,6,5,2,0,0,4,35,0,2,0,0,0,1
6,800,1,1,1,1,3,2,0,1,8,55,0,2,0,0,0,0
6,800,1,1,1,1,3,2,1,1,8,55,0,2,0,0,0,0
6,8054,10,9,8,6,7,10,0,0,4,53,0,2,0,0,5,1
6,8054,10,9,8,6,7,10,1,0,4,53,0,2,0,0,5,1
6,8188,8,9,10,8,8,9,0,0,10,26,0,1,0,0,3,0
6,8188,8,9,10,8,8,9,1,0,10,26,0,1,0,0,3,0
6,8248,10,10,10,10,8,10,1,1,7,28,0,1,0,0,5,0
6,8248,10,10,10,10,8,10,0,1,7,28,0,1,0,0,5,0
6,8905,0,2,1,2,2,1,0,0,1,52,0,1,0,0,0,0
6,8905,0,2,1,2,2,1,1,0,1,52,0,1,0,0,0,0
6,893,2,2,1,1,4,2,1,0,1,31,0,3,0,0,0,0
6,893,2,2,1,1,4,2,0,0,1,31,0,3,0,0,0,0
6,9045,0,2,1,2,2,1,1,0,5,46,0,1,0,0,0,1
6,9045,0,2,1,2,2,1,0,0,5,46,0,1,0,0,0,1
6,9150,9,8,9,8,7,10,1,1,9,21,0,1,0,2,2,1
6,9150,9,8,9,8,7,10,0,1,9,21,0,1,0,2,2,1
7,10134,8,10,10,10,10,8,0,1,7,25,0,3,0,0,6,0
7,10134,8,10,10,10,10,8,1,1,7,25,0,3,0,0,6,0
7,10677,10,10,10,10,10,8,1,1,9,29,0,2,0,0,10,1
7,10677,10,10,10,10,10,8,0,1,9,29,0,2,0,0,10,1
7,10721,9,8,8,7,8,6,0,0,2,50,0,1,0,0,4,0
7,10721,9,8,8,7,8,6,1,0,2,50,0,1,0,0,4,0
7,1871,5,9,10,7,8,6,1,1,8,25,1,2,0,0,2,1
7,1871,5,9,10,7,8,6,0,1,8,25,1,2,0,0,2,1
7,2353,1,1,0,1,0,2,0,0,1,47,0,1,0,0,0,0
7,2353,1,1,0,1,0,2,1,0,1,47,0,1,0,0,0,0
7,2718,1,2,3,1,1,4,0,1,3,35,1,2,0,0,0,1
7,2718,1,2,3,1,1,4,1,1,3,35,1,2,0,0,0,1
7,2854,10,8,10,10,10,10,1,1,9,31,0,2,0,0,19,1
7,2854,10,8,10,10,10,10,0,1,9,31,0,2,0,0,19,1
7,2897,5,6,6,4,5,3,1,1,7,28,0,1,0,0,1,1
7,2897,5,6,6,4,5,3,0,1,7,28,0,1,0,0,1,1
7,2937,5,5,4,4,2,3,1,1,5,20,0,1,0,0,0,1
7,2937,5,5,4,4,2,3,0,1,5,20,0,1,0,0,0,1
7,3246,2,1,1,1,1,1,0,0,3,30,0,1,0,0,0,0
7,3246,2,1,1,1,1,1,1,0,3,30,0,1,0,0,0,0
7,3408,1,0,2,2,0,4,0,1,3,19,1,1,0,0,0,1
7,3408,1,0,2,2,0,4,1,1,3,19,1,1,0,0,0,1
7,3642,7,7,6,8,7,5,0,1,4,41,0,2,0,0,3,1
7,3642,7,7,6,8,7,5,1,1,4,41,0,2,0,0,3,1
7,3692,9,8,9,10,9,9,0,1,2,41,0,2,0,0,8,1
7,3692,9,8,9,10,9,9,1,1,2,41,0,2,0,0,8,1
7,4028,2,2,1,0,0,1,0,0,4,35,1,2,0,0,0,0
7,4028,2,2,1,0,0,1,1,0,4,35,1,2,0,0,0,0
7,4609,0,3,0,1,1,0,1,0,1,50,0,1,0,0,0,0
7,4609,0,3,0,1,1,0,0,0,1,50,0,1,0,0,0,0
7,5223,6,7,9,5,3,6,1,1,5,23,1,2,0,0,1,1
7,5223,6,7,9,5,3,6,0,1,5,23,1,2,0,0,1,1
7,5850,9,9,9,9,9,5,1,1,3,25,1,1,0,0,2,0
7,5850,9,9,9,9,9,5,0,1,3,25,1,1,0,0,2,0
7,5993,1,2,2,1,1,0,1,0,2,51,0,1,0,0,1,0
7,5993,1,2,2,1,1,0,0,0,2,51,0,1,0,0,1,0
7,6319,10,9,10,8,10,9,0,1,9,23,0,2,0,0,2,0
7,6319,10,9,10,8,10,9,1,1,9,23,0,2,0,0,2,0
7,6801,3,4,5,2,3,4,1,0,8,44,0,1,0,0,1,1
7,6801,3,4,5,2,3,4,0,0,8,44,0,1,0,0,1,1
7,6980,10,9,10,10,10,9,0,1,9,28,1,2,0,0,13,1
7,6980,10,9,10,10,10,9,1,1,9,28,1,2,0,0,13,1
7,700,10,9,9,10,10,9,0,1,9,26,0,2,1,1,10,1
7,700,10,9,9,10,10,9,1,1,9,26,0,2,1,1,10,1
7,9268,2,4,8,1,3,4,1,1,2,28,0,1,0,0,1,1
7,9268,2,4,8,1,3,4,0,1,2,28,0,1,0,0,1,1
7,9524,0,1,4,5,1,0,1,0,10,29,0,1,0,0,1,0
7,9524,0,1,4,5,1,0,0,0,10,29,0,1,0,0,1,0
7,9979,2,2,4,2,2,2,1,0,1,34,1,1,0,0,1,0
7,9979,2,2,4,2,2,2,0,0,1,34,1,1,0,0,1,0
8,10498,2,4,3,2,1,0,0,0,1,65,1,1,0,0,1,1
8,10498,2,4,3,2,1,0,1,0,1,65,1,1,0,0,1,1
8,10499,10,10,10,10,10,9,1,1,9,28,1,1,0,0,5,1
8,10499,10,10,10,10,10,9,0,1,9,28,1,1,0,0,5,1
8,10836,9,9,9,5,5,10,0,1,6,25,0,2,0,0,3,1
8,10836,9,9,9,5,5,10,1,1,6,25,0,2,0,0,3,1
8,1796,4,3,3,3,2,1,1,1,3,21,0,2,0,0,0,1
8,1796,4,3,3,3,2,1,0,1,3,21,0,2,0,0,0,1
8,189,7,7,8,6,3,5,0,0,9,52,0,1,0,0,3,0
8,189,7,7,8,6,3,5,1,0,9,52,0,1,0,0,3,0
8,1904,4,3,5,1,1,3,1,0,4,32,0,2,0,0,1,1
8,1904,4,3,5,1,1,3,0,0,4,32,0,2,0,0,1,1
8,2078,9,10,9,8,5,7,1,1,5,43,0,1,0,0,4,1
8,2078,9,10,9,8,5,7,0,1,5,43,0,1,0,0,4,1
8,2121,8,10,9,8,8,10,1,0,4,28,1,2,0,0,4,1
8,2121,8,10,9,8,8,10,0,0,4,28,1,2,0,0,4,1
8,2396,1,1,0,0,0,0,0,0,4,57,1,1,0,0,0,0
8,2396,1,1,0,0,0,0,1,0,4,57,1,1,0,0,0,0
8,265,9,9,9,8,9,10,1,1,6,28,0,2,0,0,6,0
8,265,9,9,9,8,9,10,0,1,6,28,0,2,0,0,6,0
8,3483,3,3,6,1,2,3,0,0,1,39,0,1,0,0,0,0
8,3483,3,3,6,1,2,3,1,0,1,39,0,1,0,0,0,0
8,4255,2,1,2,1,0,2,1,0,5,27,0,1,0,0,0,1
8,4255,2,1,2,1,0,2,0,0,5,27,0,1,0,0,0,1
8,4436,8,9,10,9,8,8,1,1,10,23,0,2,0,0,4,1
8,4436,8,9,10,9,8,8,0,1,10,23,0,2,0,0,4,1
8,5485,2,0,0,0,0,0,0,1,8,22,0,2,0,0,0,1
8,5485,2,0,0,0,0,0,1,1,8,22,0,2,0,0,0,1
8,6205,10,10,9,10,10,10,0,1,1,53,0,2,0,0,15,1
8,6205,10,10,9,10,10,10,1,1,1,53,0,2,0,0,15,1
8,6443,8,9,8,9,8,9,1,0,5,28,0,1,0,0,5,1
8,6443,8,9,8,9,8,9,0,0,5,28,0,1,0,0,5,1
8,6658,1,1,2,1,1,1,0,1,4,39,0,2,0,0,0,1
8,6658,1,1,2,1,1,1,1,1,4,39,0,2,0,0,0,1
8,7445,5,6,5,1,1,0,0,1,8,31,0,3,0,0,1,1
8,7445,5,6,5,1,1,0,1,1,8,31,0,3,0,0,1,1
8,763,10,10,10,10,9,9,0,1,5,26,0,3,0,0,7,1
8,763,10,10,10,10,9,9,1,1,5,26,0,3,0,0,7,1
8,765,10,10,10,10,10,8,0,1,6,66,0,2,0,0,33,1
8,765,10,10,10,10,10,8,1,1,6,66,0,2,0,0,33,1
8,7788,10,10,10,10,10,9,1,1,6,33,0,2,0,0,7,1
8,7788,10,10,10,10,10,9,0,1,6,33,0,2,0,0,7,1
8,7914,2,1,1,1,0,1,0,0,1,55,0,1,0,0,0,0
8,7914,2,1,1,1,0,1,1,0,1,55,0,1,0,0,0,0
8,8045,10,10,9,9,9,10,1,1,9,23,0,1,0,0,6,1
8,8045,10,10,9,9,9,10,0,1,9,23,0,1,0,0,6,1
8,8526,2,2,3,1,1,0,1,0,9,26,1,2,0,0,0,0
8,8526,2,2,3,1,1,0,0,0,9,26,1,2,0,0,0,0
8,9832,4,5,4,2,3,3,1,1,4,25,0,1,0,0,1,0
8,9832,4,5,4,2,3,3,0,1,4,25,0,1,0,0,1,0
9,10369,2,2,4,3,2,1,0,0,1,29,0,3,0,0,1,1
9,10369,2,2,4,3,2,1,1,0,1,29,0,3,0,0,1,1
9,10652,8,8,8,7,5,5,0,1,6,33,0,2,0,0,3,0
9,10652,8,8,8,7,5,5,1,1,6,33,0,2,0,0,3,0
9,10925,7,9,8,5,7,6,1,1,2,26,0,1,0,0,3,0
9,10925,7,9,8,5,7,6,0,1,2,26,0,1,0,0,3,0
9,10985,10,10,10,8,10,10,1,1,10,30,0,2,0,1,19,1
9,10985,10,10,10,8,10,10,0,1,10,30,0,2,0,1,19,1
9,1212,1,1,4,2,1,0,1,1,5,24,1,2,0,0,1,0
9,1212,1,1,4,2,1,0,0,1,5,24,1,2,0,0,1,0
9,1559,9,10,10,10,10,10,1,0,4,24,0,1,1,2,3,0
9,1559,9,10,10,10,10,10,0,0,4,24,0,1,1,2,3,0
9,1689,6,7,6,2,1,5,0,1,1,54,0,1,0,0,3,0
9,1689,6,7,6,2,1,5,1,1,1,54,0,1,0,0,3,0
9,2567,0,2,4,1,1,0,0,0,6,38,0,1,0,0,1,0
9,2567,0,2,4,1,1,0,1,0,6,38,0,1,0,0,1,0
9,5074,2,2,3,1,0,0,0,1,1,33,0,2,0,0,1,0
9,5074,2,2,3,1,0,0,1,1,1,33,0,2,0,0,1,0
9,5342,9,9,6,5,4,3,0,0,5,47,0,1,0,0,3,0
9,5342,9,9,6,5,4,3,1,0,5,47,0,1,0,0,3,0
9,5420,6,7,7,6,6,8,1,1,4,22,0,2,0,0,2,1
9,5420,6,7,7,6,6,8,0,1,4,22,0,2,0,0,2,1
9,5600,1,2,0,0,2,0,1,1,5,25,0,2,0,0,0,0
9,5600,1,2,0,0,2,0,0,1,5,25,0,2,0,0,0,0
9,5670,10,10,10,9,10,9,0,1,8,18,0,1,5,0,4,1
9,5670,10,10,10,9,10,9,1,1,8,18,0,1,5,0,4,1
9,6916,3,3,4,4,3,7,1,0,6,23,0,2,0,0,1,1
9,6916,3,3,4,4,3,7,0,0,6,23,0,2,0,0,1,1
9,7178,9,10,9,9,9,9,0,1,6,43,0,2,0,0,7,1
9,7178,9,10,9,9,9,9,1,1,6,43,0,2,0,0,7,1
9,7323,10,8,9,10,8,10,1,1,5,41,0,2,0,0,19,1
9,7323,10,8,9,10,8,10,0,1,5,41,0,2,0,0,19,1
9,8118,9,10,9,8,6,6,0,0,6,34,0,2,0,0,4,0
9,8118,9,10,9,8,6,6,1,0,6,34,0,2,0,0,4,0
9,8259,1,1,0,0,1,0,0,0,1,58,0,2,0,0,0,1
9,8259,1,1,0,0,1,0,1,0,1,58,0,2,0,0,0,1
9,8292,9,10,10,10,10,10,1,1,10,28,0,2,0,8,12,1
9,8292,9,10,10,10,10,10,0,1,10,28,0,2,0,8,12,1
9,8306,9,9,10,10,10,10,0,1,9,43,0,2,0,0,15,0
9,8306,9,9,10,10,10,10,1,1,9,43,0,2,0,0,15,0
9,8705,10,10,10,9,10,10,0,1,9,22,1,2,0,0,4,1
9,8705,10,10,10,9,10,10,1,1,9,22,1,2,0,0,4,1
9,8791,0,1,0,0,0,0,0,0,6,29,1,1,0,0,0,0
9,8791,0,1,0,0,0,0,1,0,6,29,1,1,0,0,0,0
9,8847,9,9,8,5,5,9,1,1,5,39,1,2,0,0,3,1
9,8847,9,9,8,5,5,9,0,1,5,39,1,2,0,0,3,1
9,9055,0,2,0,0,0,0,0,1,4,21,1,3,0,0,0,0
9,9055,0,2,0,0,0,0,1,1,4,21,1,3,0,0,0,0
9,9367,9,9,10,10,10,9,0,1,9,25,1,2,0,0,7,1
9,9367,9,9,10,10,10,9,1,1,9,25,1,2,0,0,7,1
