block_id,def_id,ground_truth,compas_score,dartmouth_score,study1_condition1,study1_condition2,study1_condition3,study1_condition4,study2_condition1,study2_condition2,study1_image_id,study2_image_id_black,study2_image_id_white,def_age,def_gender,def_race,def_juv_fel,def_juv_misd,def_priors,def_charge_degree
1,61,0,2,15,18,20,19,20,15,18, BF-211, BF-211, WF-237,51,1,2,0,0,7,1
1,855,0,1,5,1,5,3,6,8,7, BM-033, BM-025, WM-201,38,0,2,0,0,0,1
1,921,0,7,6,9,9,5,8,9,8, BM-017, BM-022, WM-016,30,0,2,0,0,1,0
1,1022,0,1,3,1,3,3,0,3,2, BF-007, BF-007, WF-002,31,1,2,0,0,0,0
1,1024,0,2,5,9,8,9,5,8,6, BM-005, BM-013, WM-015,27,0,2,0,0,0,0
1,1441,1,5,5,6,11,6,6,10,12, BM-011, BM-018, WM-013,30,0,2,0,0,1,0
1,1443,1,5,4,6,7,4,3,6,9, BM-021, BM-033, WM-220,45,0,2,0,0,0,1
1,1642,0,6,8,7,14,9,8,9,12, WM-012, BM-004, WM-002,29,0,1,0,0,1,0
1,1733,0,7,14,17,19,20,20,17,17, WF-221, BF-224, WF-240,52,1,1,0,0,6,0
1,1741,1,6,18,20,18,19,18,18,18, BM-015, BM-005, WM-009,24,0,2,0,0,5,1
1,2182,1,6,11,12,13,9,13,12,12, BF-003, BF-003, WF-003,26,1,2,0,0,1,1
1,2393,0,3,10,8,9,7,7,6,10, BM-019, BM-015, WM-017,22,0,2,0,0,0,1
1,2719,1,4,9,9,14,10,11,8,9, BM-001, BM-003, WM-006,23,0,2,0,0,1,1
1,2910,0,4,1,5,1,0,2,5,3, WM-201, BM-021, WM-023,42,0,1,0,0,0,0
1,3115,0,4,19,18,20,20,20,20,18, BF-213, BF-024, WF-014,40,1,2,0,0,7,0
1,3398,1,10,19,18,20,20,19,18,19, BM-036, BM-037, WM-025,21,0,2,1,2,3,1
1,3635,0,4,12,15,17,15,14,15,16, BF-001, BF-001, WF-001,24,1,2,0,0,2,1
1,3732,0,1,4,7,8,8,6,5,5, BM-003, BM-010, WM-010,26,0,2,0,0,1,0
1,3957,0,2,4,5,15,7,7,13,12, LM-206, BM-010, WM-010,24,0,3,0,0,1,0
1,4105,1,9,15,20,17,19,20,20,20, WM-013, BM-017, WM-012,33,0,1,0,0,7,1
1,4766,1,9,14,17,20,16,16,16,19, WM-003, BM-001, WM-003,26,0,1,0,0,2,1
1,4767,0,2,13,15,19,16,18,16,15, WM-023, BM-025, WM-201,39,0,1,0,0,3,1
1,4841,0,1,1,0,0,2,0,1,2, WM-221, BM-034, WM-221,55,0,1,0,0,0,0
1,5438,1,10,14,12,18,14,12,12,11, BM-009, BM-009, WM-001,20,0,2,0,0,1,1
1,5557,1,4,5,5,5,8,6,4,7, BM-212, BM-212, WM-223,51,0,2,0,0,0,0
1,5593,1,4,18,19,19,20,18,14,15, WM-018, BM-021, WM-023,37,0,1,0,0,4,0
1,5647,1,1,2,0,1,1,1,2,2, BF-024, BF-024, WF-014,42,1,2,0,0,0,0
1,6064,0,2,1,0,3,3,1,2,2, WF-002, BF-007, WF-002,31,1,1,0,0,0,0
1,7324,0,1,2,3,3,3,4,3,2, WM-014, BM-020, WM-014,30,0,1,0,0,0,1
1,7412,1,2,4,2,4,5,3,3,3, WM-006, BM-016, WM-019,28,0,1,0,0,0,1
1,7652,1,8,18,19,19,19,18,19,19, BM-002, BM-005, WM-009,25,0,2,0,0,8,1
1,7678,1,7,18,20,19,19,20,19,20, BM-016, BM-013, WM-015,28,0,2,0,2,7,1
1,8104,0,6,15,19,19,20,19,19,19, BF-202, BF-202, WF-216,42,1,2,0,0,16,1
1,8141,0,4,3,2,2,0,0,1,1, WM-001, BM-036, WM-024,21,0,1,0,0,0,1
1,8267,1,3,16,16,16,18,15,12,14, BM-034, BM-034, WM-221,46,0,2,0,0,3,1
1,8307,0,6,9,14,15,18,18,16,13, BF-203, BF-203, WF-221,53,1,2,0,0,5,1
1,8517,1,3,3,6,5,5,2,5,1, BM-013, BM-002, WM-004,23,0,2,0,0,0,0
1,8613,0,2,10,16,15,10,14,11,12, WM-011, BM-017, WM-012,33,0,1,0,0,2,0
1,8827,0,3,19,20,20,18,19,17,18, LM-200, BM-002, WM-004,26,0,3,0,0,5,1
1,8938,0,5,2,2,0,1,2,3,2, BF-224, BF-203, WF-221,48,1,2,0,0,0,0
1,9295,0,2,11,15,17,14,16,18,17, LM-201, BM-011, WM-011,30,0,3,0,0,2,1
1,9435,0,5,16,20,18,17,17,17,19, WM-004, BM-003, WM-006,24,0,1,0,0,3,1
1,9501,0,1,13,1,2,2,2,5,6, LM-215, BM-033, WM-220,45,0,3,0,0,0,0
1,9644,0,6,5,4,8,2,3,9,8, BM-010, BM-001, WM-003,22,0,2,0,0,0,0
1,9924,1,3,7,8,10,8,10,6,8, WM-002, BM-004, WM-002,29,0,1,0,0,0,1
1,10011,1,3,11,16,16,15,14,18,16, BM-025, BM-012, WM-018,45,0,2,0,0,4,0
1,10044,1,2,1,1,4,3,0,1,3, WM-016, BM-029, WM-020,34,0,1,0,0,0,0
1,10307,0,6,19,20,20,18,19,17,18, BM-004, BM-011, WM-011,31,0,2,2,0,6,1
1,10406,0,7,11,14,15,15,16,11,12, BM-012, BM-012, WM-018,43,0,2,0,0,2,1
1,10452,0,1,2,2,1,0,2,2,2, BF-027, BF-027, WF-026,44,1,2,0,0,0,1
2,282,1,4,18,17,20,17,19,18,20, WM-220, BM-033, WM-220,45,0,1,0,0,8,0
2,375,0,2,20,17,17,19,18,17,14, WM-002, BM-011, WM-011,30,0,1,0,0,4,1
2,408,0,3,5,9,7,8,12,5,8, WF-005, BF-005, WF-006,22,1,1,0,0,1,1
2,726,1,6,15,14,16,17,16,14,16, WM-012, BM-004, WM-002,34,0,1,0,0,4,1
2,794,1,5,17,18,20,19,19,18,17, BM-018, BM-022, WM-016,29,0,2,0,0,5,1
2,838,0,3,4,5,3,6,4,4,4, BM-025, BM-044, WM-225,44,0,2,0,0,1,0
2,913,1,8,18,17,16,18,16,15,17, BM-004, BM-004, WM-002,31,0,2,0,0,3,0
2,1066,0,2,12,9,12,12,11,8,8, WM-023, BM-021, WM-023,40,0,1,0,0,1,1
2,1103,0,8,3,6,7,5,5,7,5, BM-002, BM-002, WM-004,22,0,2,0,0,0,1
2,1195,0,7,18,11,14,17,16,15,18, BF-024, BF-024, WF-014,37,1,2,0,0,3,1
2,1361,1,3,16,16,16,18,18,16,18, BM-019, BM-010, WM-010,27,0,2,0,0,5,0
2,1490,1,4,16,14,19,16,15,18,18, BM-020, BM-011, WM-011,30,0,2,0,0,4,0
2,1941,0,1,2,1,4,3,2,3,0, BM-003, BM-003, WM-006,28,0,2,0,0,0,0
2,2002,0,5,19,19,18,20,18,18,18, WM-221, BM-213, WM-248,49,0,1,0,0,12,0
2,2034,0,2,7,9,11,13,13,10,14, WM-201, BM-012, WM-018,37,0,1,0,0,2,1
2,2525,0,2,1,5,1,7,3,4,3, WM-003, BM-002, WM-004,28,0,1,0,0,0,1
2,2703,0,7,11,12,12,11,12,15,16, BM-218, BM-218, WM-249,51,0,2,0,0,3,1
2,3010,0,1,2,2,2,2,1,0,0, empty,NA,NA,58,0,1,0,0,0,0
2,3248,1,1,13,10,16,19,16,16,16, empty,NA,NA,70,0,1,0,0,11,1
2,3647,0,3,10,11,7,11,11,8,8, BM-009, BM-009, WM-001,20,0,2,0,0,0,1
2,3854,1,3,12,14,15,11,13,10,11, BM-001, BM-001, WM-003,22,0,2,0,0,1,1
2,4098,1,4,18,17,18,19,18,16,18, BM-015, BM-015, WM-017,26,0,2,0,0,4,1
2,4161,1,1,0,0,2,2,1,4,2, BM-225, BM-225,NA,54,0,2,0,0,0,0
2,4546,1,1,3,4,5,10,4,6,4, BM-011, BM-017, WM-012,32,0,2,0,0,0,1
2,4629,1,1,0,3,2,2,1,5,4, WM-223, BM-034, WM-221,55,0,1,0,0,0,0
2,4640,1,10,20,20,20,19,19,20,18, BM-013, BM-013, WM-015,25,0,2,0,1,10,1
2,4860,0,2,2,2,4,4,4,1,2, BF-001, BF-001, WF-001,24,1,2,0,0,0,0
2,4943,1,9,19,18,20,18,18,19,19, BM-034, BM-034, WM-221,46,0,2,1,0,9,1
2,4977,1,7,20,20,20,20,19,19,19, WM-018, BM-012, WM-018,39,0,1,6,1,17,1
2,4991,1,3,17,17,18,20,19,19,19, empty,NA,NA,58,0,2,0,0,10,1
2,5049,0,2,1,1,2,4,3,3,3, WF-003, BF-004, WF-005,26,1,1,0,0,0,0
2,5270,0,4,1,1,5,2,1,6,3, BM-022, BM-018, WM-013,31,0,2,0,0,0,0
2,5500,0,4,10,10,14,18,15,20,18, empty,NA,NA,72,0,1,0,0,7,1
2,5765,0,9,20,19,19,20,19,19,19, BM-212, BM-212, WM-223,51,0,2,1,0,19,1
2,6189,0,2,2,3,5,5,7,9,9, WF-221, BF-203, WF-221,46,1,1,0,0,1,1
2,6207,1,8,1,3,2,1,1,4,1, BM-021, BM-025, WM-201,38,0,2,0,0,0,0
2,6240,0,1,2,4,8,5,4,8,6, BM-213, BM-212, WM-223,50,0,2,0,0,0,1
2,6884,0,8,1,0,5,3,2,5,7, WM-013, BM-017, WM-012,29,0,1,0,0,0,1
2,7032,0,2,1,7,6,2,6,8,7, empty,NA,NA,58,1,1,0,0,1,0
2,7834,0,2,5,5,9,6,6,7,5, BM-017, BM-020, WM-014,33,0,2,0,0,1,1
2,7897,1,5,1,2,2,5,4,2,0, WF-001, BF-003, WF-003,24,1,1,0,0,0,0
2,7920,0,4,3,4,4,6,5,4,4, BM-005, BM-005, WM-009,22,0,2,0,0,0,1
2,8046,1,10,16,19,19,20,19,19,19, BM-010, BM-010, WM-010,27,0,2,0,0,13,1
2,8162,0,2,6,1,6,4,6,6,10, AM-215, BM-213, WM-248,48,0,4,0,0,0,1
2,9407,0,7,20,19,20,20,19,17,17, BM-012, BM-021, WM-023,40,0,2,0,0,20,1
2,9634,0,3,20,17,17,16,17,20,20, LM-200, BM-001, WM-003,24,0,3,0,0,2,1
2,10220,0,3,7,4,10,8,11,7,11, BM-016, BM-005, WM-009,24,0,2,0,0,1,1
2,10423,1,2,12,12,16,11,16,15,17, WM-004, BM-003, WM-006,28,0,1,0,0,2,1
2,10502,0,1,0,3,3,3,0,2,3, WM-011, BM-018, WM-013,31,0,1,0,0,0,1
2,10748,0,1,2,5,8,8,4,10,14, WM-225, BM-206, WM-258,44,0,1,0,0,1,0
3,505,0,1,14,7,7,9,10,3,7, BM-020, BM-018, WM-013,29,0,2,0,0,0,1
3,526,0,6,10,10,7,8,9,10,8, WF-022, BF-002, WF-022,21,1,1,0,0,0,1
3,999,1,1,8,7,6,6,7,6,11, WM-018, BM-012, WM-018,38,0,1,0,0,1,1
3,1159,0,1,0,3,2,3,1,2,1, BF-203, BF-203, WF-221,53,1,2,0,0,0,1
3,1286,1,4,18,20,20,20,19,18,18, WM-015, BM-010, WM-010,24,0,1,0,2,3,1
3,1833,0,3,5,2,5,3,4,4,2, AM-201, BM-002, WM-004,24,0,4,0,0,0,1
3,2338,0,1,2,1,3,2,0,2,0, empty,NA,NA,59,0,3,0,0,0,0
3,2572,1,5,16,12,19,17,16,15,17, BF-005, BF-005, WF-006,28,1,2,0,0,2,1
3,2624,1,2,5,9,5,4,7,8,9, BM-034, BM-034, WM-221,51,0,2,0,0,0,1
3,2685,0,5,6,7,7,5,2,5,6, BF-002, BF-002, WF-022,21,1,2,0,0,0,1
3,2691,0,1,9,4,1,3,7,4,9, BM-213, BM-213, WM-248,54,0,2,0,0,0,0
3,3234,0,1,18,20,20,20,19,20,20, WM-225, BM-025, WM-201,39,0,1,0,0,8,1
3,3510,1,9,20,20,19,19,19,19,19, WM-220, BM-021, WM-023,36,0,1,1,0,10,0
3,3768,0,1,12,5,8,6,5,4,11, BF-024, BF-024, WF-014,36,1,2,0,0,1,0
3,4029,1,2,4,4,3,2,4,4,2, LM-206, BM-003, WM-006,28,0,3,0,0,0,0
3,4082,1,5,1,2,6,2,6,5,6, WM-004, BM-005, WM-009,24,0,1,0,0,0,1
3,4126,1,2,7,2,5,11,10,6,10, BM-017, BM-017, WM-012,30,0,2,0,0,0,1
3,4426,0,2,1,4,7,1,2,3,5, WF-014, BF-027, WF-026,43,1,1,0,0,0,0
3,4461,0,1,15,16,17,17,14,17,17, empty,NA,NA,64,0,1,0,0,8,1
3,4620,0,2,5,6,9,9,8,6,12, WM-023, BM-021, WM-023,41,0,1,0,0,0,1
3,4703,1,2,5,6,7,9,5,5,5, LM-208, BM-001, WM-003,25,0,3,0,0,0,1
3,5213,0,2,17,15,18,20,17,16,15, LM-201, BM-017, WM-012,33,0,3,0,0,3,0
3,5217,1,1,2,2,3,3,5,2,5, BM-012, BM-012, WM-018,37,0,2,0,0,0,1
3,5352,1,2,3,5,3,2,3,3,5, BM-002, BM-003, WM-006,24,0,2,0,0,0,0
3,5607,0,3,20,18,17,18,16,17,16, WM-201, BM-025, WM-201,38,0,1,0,0,2,1
3,5614,1,8,16,15,18,18,17,16,18, BM-004, BM-004, WM-002,33,0,2,0,0,2,1
3,5917,1,4,8,3,9,8,9,7,7, BM-018, BM-011, WM-011,32,0,2,0,0,1,0
3,6314,1,6,4,7,8,6,10,8,7, WM-001, BM-009, WM-001,20,0,1,0,0,0,1
3,6683,1,6,18,19,17,19,16,18,18, BF-001, BF-001, WF-001,24,1,2,0,0,3,0
3,7010,1,3,19,17,15,20,17,19,17, BM-218, BM-218, WM-249,54,0,2,0,0,4,1
3,7079,0,7,17,18,18,20,19,18,17, WM-006, BM-010, WM-010,25,0,1,0,0,3,1
3,7170,0,5,9,8,8,12,11,12,12, WM-010, BM-016, WM-019,22,0,1,0,0,0,1
3,7219,0,4,18,17,18,18,19,17,19, BM-032, BM-029, WM-020,32,0,2,0,0,3,1
3,7224,1,3,15,12,9,13,11,8,11, BM-003, BM-005, WM-009,24,0,2,0,0,1,1
3,7315,1,5,18,16,16,19,14,15,18, BM-001, BM-015, WM-017,24,0,2,0,0,2,0
3,7416,0,1,18,14,18,15,17,17,14, LM-200, BM-001, WM-003,26,0,3,0,0,2,0
3,7840,0,2,15,9,19,12,15,12,14, WM-009, BM-013, WM-015,22,0,1,0,0,1,1
3,8099,0,1,1,3,3,2,3,4,2, WM-003, BM-002, WM-004,28,0,1,0,0,0,0
3,8528,0,2,10,8,12,10,14,8,12, BM-029, BM-022, WM-016,32,0,2,0,0,1,1
3,8909,0,1,3,5,3,2,1,4,2, WM-221, BM-225,NA,46,0,1,0,0,0,0
3,9428,0,2,18,18,19,20,19,19,20, WM-223, BM-034, WM-221,52,0,1,0,0,7,0
3,9690,0,2,9,5,3,6,8,5,5, BF-004, BF-004, WF-005,26,1,2,0,0,0,0
3,9844,1,1,13,10,12,12,11,13,12, WM-248, BM-212, WM-223,51,0,1,0,0,2,1
3,9889,0,6,18,18,18,20,20,16,19, BM-011, BM-011, WM-011,35,0,2,0,0,9,1
3,10390,1,4,18,19,20,17,19,17,17, WM-002, BM-004, WM-002,29,0,1,0,0,3,1
3,10448,1,4,19,16,20,19,19,20,19, BM-212, BM-212, WM-223,48,0,2,0,0,11,0
3,10762,0,4,10,8,11,9,7,7,8, LF-201, BF-001, WF-001,26,1,3,0,0,1,0
3,10783,0,1,0,1,1,1,1,1,1, empty,NA,NA,66,0,1,0,0,0,0
3,10824,1,4,14,11,13,13,13,11,13, BF-003, BF-003, WF-003,23,1,2,0,0,1,1
3,10919,1,6,20,19,19,19,20,18,19, BM-022, BM-020, WM-014,35,0,2,0,0,12,0
4,42,1,8,16,15,19,16,17,18,15, BM-020, BM-018, WM-013,32,0,2,0,0,4,1
4,685,1,10,7,15,15,14,14,11,9, BF-211, BF-203, WF-221,46,1,2,0,0,2,1
4,853,0,3,13,15,14,15,12,11,9, BM-034, BM-034, WM-221,50,0,2,0,0,3,0
4,1162,1,7,19,20,19,19,19,18,16, BM-005, BM-005, WM-009,26,0,2,0,0,5,1
4,1166,1,9,17,17,19,16,17,17,19, BM-019, BM-003, WM-006,27,0,2,0,0,4,1
4,1385,1,2,19,18,18,17,18,17,13, BM-002, BM-002, WM-004,28,0,2,0,0,4,0
4,1856,0,4,6,11,13,9,11,12,9, WM-024, BM-036, WM-024,21,0,1,0,0,1,1
4,2228,1,4,18,19,20,19,20,20,19, BM-009, BM-009, WM-001,19,0,2,0,2,3,1
4,2773,1,7,20,18,19,20,19,17,17, BF-203, BF-203, WF-221,49,1,2,0,0,14,0
4,3315,0,1,2,1,1,2,0,1,0, empty,NA,NA,62,0,1,0,0,0,0
4,3738,0,9,20,18,20,19,19,16,18, WM-003, BM-013, WM-015,28,0,1,0,0,14,1
4,3794,1,7,2,1,2,3,2,1,1, BM-212, BM-212, WM-223,46,0,2,0,0,0,1
4,3848,1,8,20,20,19,20,20,18,19, BM-013, BM-023, WM-028,26,0,2,0,0,5,1
4,4117,0,1,2,7,6,10,5,5,5, WF-237, BF-211, WF-237,48,1,1,0,0,1,0
4,4193,0,1,2,3,2,5,1,0,2, LM-215, BM-012, WM-018,44,0,3,0,0,0,0
4,4290,0,1,3,4,6,3,8,4,5, BM-011, BM-004, WM-002,29,0,2,0,0,1,0
4,4558,0,1,1,4,1,4,2,1,4, WM-002, BM-004, WM-002,33,0,1,0,0,0,1
4,5127,0,4,2,4,4,4,1,2,1, WF-001, BF-001, WF-001,25,1,1,0,0,0,0
4,5449,0,3,5,10,10,10,10,6,6, WM-011, BM-011, WM-011,32,0,1,0,0,1,1
4,5489,1,8,19,20,20,20,20,19,19, BM-003, BM-003, WM-006,24,0,2,0,0,7,1
4,5830,0,4,12,20,18,18,17,16,15, WM-004, BM-019, WM-026,25,0,1,0,0,2,1
4,5985,0,1,0,3,1,3,4,1,0, empty,NA,NA,65,0,1,0,0,0,0
4,6171,0,1,3,7,8,5,3,3,5, BF-027, BF-202, WF-216,45,1,2,0,0,1,1
4,6386,1,3,13,17,16,14,16,16,17, LM-200, BM-015, WM-017,28,0,3,0,0,2,1
4,6546,0,8,14,17,17,15,15,12,15, LM-206, BM-016, WM-019,28,0,3,0,0,2,1
4,7199,0,6,10,12,12,8,10,8,5, BM-026, BM-013, WM-015,28,0,2,0,0,1,1
4,7437,1,10,18,18,18,19,20,19,17, WF-002, BF-007, WF-002,29,1,1,0,0,20,1
4,7517,0,1,0,1,1,2,1,2,1, BF-024, BF-024, WF-014,41,1,2,0,0,0,0
4,7830,1,5,9,17,15,14,14,10,12, BF-007, BF-009, WF-008,31,1,2,0,0,2,1
4,8532,0,2,9,14,17,12,13,13,11, BM-018, BM-017, WM-012,30,0,2,0,0,1,1
4,8924,1,4,5,10,7,7,8,10,6, BM-001, BM-001, WM-003,27,0,2,0,0,1,1
4,9231,0,4,19,18,18,17,18,12,16, WM-012, BM-018, WM-013,35,0,1,0,0,3,1
4,9242,0,1,4,3,6,6,5,0,2, WM-018, BM-021, WM-023,38,0,1,0,0,0,1
4,9328,0,1,0,2,3,1,1,1,1, empty, BF-027, WF-026,41,1,3,0,0,0,1
4,9336,0,4,20,17,18,18,20,16,18, BM-016, BM-002, WM-004,26,0,2,0,0,5,1
4,9352,0,10,19,20,20,20,19,18,17, WM-001, BM-009, WM-001,20,0,1,0,4,4,1
4,9399,1,3,12,16,16,18,14,16,12, LM-226, BM-025, WM-201,43,0,3,0,0,3,0
4,9467,1,7,2,2,8,3,4,3,4, BM-015, BM-001, WM-003,22,0,2,0,0,0,1
4,9586,1,5,3,3,2,3,2,2,3, BF-001, BF-001, WF-001,22,1,2,0,0,0,0
4,9609,1,5,20,20,20,20,20,19,19, LF-200, BF-010, WF-018,32,1,3,0,0,8,0
4,9686,0,4,3,0,6,5,4,2,5, BM-024, BM-010, WM-010,24,0,2,0,0,0,1
4,9820,0,4,10,14,15,14,14,12,10, BM-022, BM-020, WM-014,29,0,2,0,0,2,0
4,9919,0,4,4,0,3,2,3,0,1, BM-004, BM-017, WM-012,32,0,2,0,0,0,0
4,9933,1,10,20,20,20,20,19,19,19, BM-010, BM-010, WM-010,27,0,2,2,0,14,1
4,10137,0,7,2,3,2,2,3,2,3, BM-017, BM-011, WM-011,32,0,2,0,0,0,1
4,10150,1,2,17,18,18,18,18,16,16, BM-023, BM-005, WM-009,28,0,2,0,0,3,0
4,10591,1,5,15,16,19,19,18,17,14, WM-023, BM-012, WM-018,40,0,1,0,0,4,1
4,10700,1,10,20,20,20,20,20,19,20, BM-012, BM-021, WM-023,36,0,2,1,2,14,1
4,10709,0,1,0,2,0,2,1,1,1, empty,NA,NA,74,0,1,0,0,0,0
4,10958,0,6,7,15,15,13,12,11,11, WF-221, BF-211, WF-237,49,1,1,0,0,2,1
5,115,1,4,10,9,14,16,12,7,7, BF-001, BF-001, WF-001,26,1,2,0,0,1,1
5,1044,0,5,18,17,20,18,19,13,11, BM-025, BM-025, WM-201,36,0,2,0,1,4,0
5,1059,0,6,8,6,6,10,11,10,12, BM-023, BM-003, WM-006,24,0,2,0,0,1,0
5,1130,1,5,20,20,20,20,20,20,20, WM-002, BM-011, WM-011,30,0,1,0,0,22,1
5,1160,0,7,7,4,6,10,3,8,10, BF-003, BF-001, WF-001,23,1,2,0,0,0,1
5,1870,0,3,7,5,6,5,7,10,6, BM-036, BM-037, WM-025,20,0,2,0,0,0,1
5,2006,1,8,11,3,11,11,6,1,2, BM-002, BM-002, WM-004,22,0,2,0,0,0,1
5,2020,0,7,20,20,20,18,19,19,20, LM-200, BM-005, WM-009,28,0,3,0,0,11,0
5,2156,1,5,8,8,9,4,5,4,7, WM-023, BM-206, WM-258,45,0,1,0,0,1,1
5,2195,1,6,19,20,19,18,20,20,16, BM-005, BM-013, WM-015,25,0,2,0,0,8,1
5,2502,0,1,4,4,4,1,3,5,5, LM-215, BM-025, WM-201,45,0,3,0,0,0,1
5,2533,1,6,1,1,5,5,2,6,7, WM-001, BM-036, WM-024,19,0,1,0,0,0,0
5,2586,0,1,10,10,10,9,7,14,11, WM-201, BM-021, WM-023,40,0,1,0,0,1,1
5,2737,1,8,19,20,19,19,19,19,19, BM-003, BM-003, WM-006,26,0,2,0,0,9,1
5,2790,0,4,3,2,3,6,3,4,5, WM-220, BM-033, WM-220,43,0,1,0,0,0,0
5,2901,1,9,14,16,18,18,19,13,12, BM-001, BM-001, WM-003,26,0,2,0,0,6,1
5,3145,1,5,19,20,19,18,19,18,18, BM-011, BM-017, WM-012,30,0,2,0,1,7,1
5,3309,1,5,20,18,17,17,18,16,16, WM-004, BM-015, WM-017,26,0,1,0,0,5,1
5,3322,1,4,5,6,7,6,3,8,6, BM-024, BM-005, WM-009,22,0,2,0,0,0,1
5,3602,1,8,18,19,19,19,18,18,19, BM-018, BM-011, WM-011,35,0,2,0,0,10,0
5,3863,0,2,2,0,2,0,1,0,0, WM-006, BM-023, WM-028,26,0,1,0,0,0,0
5,4122,0,6,6,3,4,6,6,6,5, WF-001, BF-003, WF-003,25,1,1,0,0,0,1
5,4342,1,8,13,14,17,16,13,7,12, BM-010, BM-016, WM-019,23,0,2,0,0,2,1
5,4444,0,10,13,17,16,12,15,16,17, WF-003, BF-004, WF-005,25,1,1,0,0,2,1
5,4724,1,1,1,1,1,3,2,4,3, empty,NA,NA,64,1,2,0,0,1,0
5,4996,0,1,17,11,16,16,11,9,6, WM-003, BM-010, WM-010,27,0,1,0,0,1,1
5,5307,0,4,17,19,18,18,18,13,13, BM-021, BM-021, WM-023,36,0,2,0,0,4,1
5,5433,1,8,15,3,12,13,7,12,12, BF-002, BF-002, WF-022,20,1,2,0,0,1,1
5,5543,1,3,15,17,19,18,16,6,11, WM-018, BM-044, WM-225,45,0,1,0,0,3,0
5,5882,1,2,10,7,12,8,11,7,9, BM-033, BM-033, WM-220,44,0,2,0,0,0,1
5,6096,1,9,10,7,11,9,8,10,11, BM-009, BM-009, WM-001,20,0,2,0,0,1,0
5,6129,0,1,10,8,13,10,11,6,5, BM-015, BM-024, WM-031,28,0,2,0,0,1,1
5,6170,1,9,20,18,20,19,20,20,19, BM-017, BM-004, WM-002,29,0,2,0,1,8,0
5,6251,0,4,19,19,18,15,18,15,19, BM-020, BM-017, WM-012,33,0,2,0,0,5,1
5,6377,1,7,14,16,17,15,16,17,17, WM-010, BM-001, WM-003,27,0,1,0,0,2,1
5,6586,1,5,15,17,20,17,19,18,19, WF-237, BF-211, WF-237,53,1,1,0,0,6,1
5,7003,1,2,16,20,18,20,18,17,17, empty,NA,NA,61,0,2,0,0,20,0
5,7258,1,7,18,19,20,19,18,18,19, BM-016, BM-026, WM-032,26,0,2,0,0,8,1
5,7457,1,7,18,20,20,20,20,17,18, BM-013, BM-019, WM-026,26,0,2,0,0,5,1
5,7602,1,7,19,19,20,19,20,20,20, BM-004, BM-004, WM-002,31,0,2,0,0,11,1
5,7636,0,2,0,0,1,0,1,0,0, BF-024, BF-024, WF-014,38,1,2,0,0,0,0
5,7958,0,2,11,15,15,15,15,12,13, empty,NA,NA,58,0,1,0,0,5,0
5,9357,0,4,19,18,18,16,19,18,18, BM-044, BM-012, WM-018,36,0,2,0,0,6,0
5,9617,1,4,17,19,20,17,19,18,19, BM-019, BM-002, WM-004,27,0,2,0,0,4,1
5,9833,0,1,7,3,5,8,1,5,5, empty,NA,NA,67,0,1,0,0,0,1
5,10076,0,4,18,17,18,15,20,18,19, BM-037, BM-201, WM-035,21,0,2,0,0,2,1
5,10319,1,1,9,16,13,11,15,6,6, BM-012, BM-012, WM-018,43,0,2,0,0,3,1
5,10327,0,5,5,2,1,1,4,0,1, WM-009, BM-027, WM-033,23,0,1,0,0,0,0
5,10401,0,1,3,0,0,2,1,4,2, WF-221, BF-203, WF-221,47,1,1,0,0,0,0
5,10706,0,7,3,1,1,5,2,6,1, BM-206, BM-044, WM-225,42,0,2,0,0,0,0
6,206,1,4,18,19,20,20,18,19,18, WF-002, BF-007, WF-002,29,1,1,0,1,10,1
6,227,1,3,6,6,4,4,8,3,2, BF-009, BF-007, WF-002,31,1,2,0,0,0,1
6,552,1,6,15,14,16,14,18,10,12, WM-019, BM-015, WM-017,22,0,1,0,0,2,0
6,800,1,8,1,0,0,2,1,1,3, BM-034, BM-212, WM-223,55,0,2,0,0,0,0
6,893,0,1,3,0,2,3,3,3,6, LM-201, BM-011, WM-011,31,0,3,0,0,0,0
6,1865,0,1,3,3,6,5,4,5,4, WM-018, BM-021, WM-023,36,0,1,0,0,0,1
6,2476,1,8,19,20,20,20,18,18,18, BM-003, BM-019, WM-026,26,0,2,0,1,13,1
6,2605,0,8,6,9,4,10,7,5,9, LM-226, BM-044, WM-225,45,0,3,0,0,1,0
6,2758,0,2,5,6,1,4,3,4,2, BM-002, BM-016, WM-019,25,0,2,0,0,0,1
6,2955,0,2,6,6,5,2,11,6,8, BM-018, BM-022, WM-016,30,0,2,0,0,1,0
6,3215,0,1,2,2,1,3,3,2,2, WM-249, BM-213, WM-248,52,0,1,0,0,0,0
6,3289,0,6,19,20,20,20,19,20,20, BM-025, BM-025, WM-201,38,0,2,0,0,15,1
6,3790,0,3,13,11,11,10,9,7,9, WM-012, BM-011, WM-011,29,0,1,0,0,1,1
6,4101,1,10,19,19,20,20,19,20,18, BM-004, BM-004, WM-002,31,0,2,0,2,8,0
6,4226,1,4,15,19,19,18,16,17,16, WM-002, BM-018, WM-013,31,0,1,0,0,3,1
6,4258,0,2,2,2,1,3,1,6,2, WM-003, BM-001, WM-003,25,0,1,0,0,0,0
6,4404,1,10,10,11,11,10,12,12,10, BF-001, BF-001, WF-001,28,1,2,0,0,0,1
6,4637,1,1,9,15,11,11,11,9,7, BM-021, BM-021, WM-023,36,0,2,0,0,2,1
6,4686,0,1,1,2,0,2,2,1,3, BF-203, BF-203, WF-221,50,1,2,0,0,0,0
6,4907,1,9,19,19,20,20,19,17,19, BM-029, BM-018, WM-013,31,0,2,2,1,16,1
6,4967,1,6,18,20,20,20,19,20,19, BM-020, BM-029, WM-020,32,0,2,0,3,10,1
6,5134,1,9,20,20,19,19,20,18,17, WM-010, BM-002, WM-004,27,0,1,0,0,18,1
6,5330,1,1,2,1,2,2,2,3,4, BM-022, BM-017, WM-012,29,0,2,0,0,0,0
6,5575,1,7,17,19,19,20,20,19,18, BF-007, BF-009, WF-008,29,1,2,0,0,9,1
6,5852,0,1,6,5,1,2,4,3,6, BF-211, BF-203, WF-221,55,1,2,0,0,1,1
6,5923,0,2,10,13,15,11,15,11,16, WM-011, BM-004, WM-002,29,0,1,0,0,2,1
6,6229,1,5,15,18,19,16,18,16,17, WM-023, BM-012, WM-018,38,0,1,0,0,5,0
6,6379,0,6,10,13,14,12,16,9,7, WM-009, BM-001, WM-003,22,0,1,0,0,1,1
6,6424,0,1,5,6,2,3,5,6,7, LM-215, BM-012, WM-018,45,0,3,0,0,1,0
6,6908,1,7,19,20,20,20,19,18,18, BM-011, BM-017, WM-012,30,0,2,0,0,21,1
6,7259,0,5,19,19,20,19,19,16,19, WM-015, BM-003, WM-006,26,0,1,0,0,5,0
6,7348,0,2,1,0,0,2,2,4,3, BM-012, BM-025, WM-201,38,0,2,0,0,0,0
6,7472,0,1,1,1,0,0,1,2,1, empty,NA,NA,80,0,1,0,0,0,0
6,7555,0,1,0,0,0,1,1,2,1, empty,NA,NA,64,1,1,0,0,0,0
6,7578,0,2,10,14,10,11,12,12,9, BF-024, BF-024, WF-014,43,1,2,0,0,2,0
6,7985,0,4,8,7,3,9,7,10,10, BM-017, BM-020, WM-014,35,0,2,0,0,0,1
6,8054,0,4,9,19,16,18,17,16,16, BM-212, BM-213, WM-248,53,0,2,0,0,5,1
6,8188,0,10,12,18,18,18,20,16,17, WM-004, BM-002, WM-004,26,0,1,0,0,3,0
6,8248,1,7,16,19,20,19,20,20,18, WM-006, BM-003, WM-006,28,0,1,0,0,5,0
6,8881,1,10,4,5,3,6,4,1,3, BM-033, BM-033, WM-220,40,0,2,0,0,0,1
6,8882,1,9,18,19,19,20,18,14,16, BM-001, BM-010, WM-010,22,0,2,0,0,2,0
6,8905,0,1,2,2,0,1,2,1,3, WM-223, BM-218, WM-249,52,0,1,0,0,0,0
6,9045,0,5,5,4,3,3,2,2,4, WM-221, BM-034, WM-221,46,0,1,0,0,0,1
6,9150,1,9,16,19,18,18,18,17,15, WM-001, BM-009, WM-001,21,0,1,0,2,2,1
6,9405,1,10,20,20,20,19,19,18,19, BF-027, BF-024, WF-014,38,1,2,0,0,7,1
6,9437,0,9,19,19,19,19,20,11,16, LM-200, BM-013, WM-015,23,0,3,0,1,2,1
6,9830,0,2,6,5,4,4,6,2,2, WM-248, BM-034, WM-221,48,0,1,0,0,0,1
6,10008,1,4,7,12,6,8,10,8,9, WM-017, BM-005, WM-009,28,0,1,0,0,1,1
6,10491,0,3,4,5,4,5,8,6,7, WM-013, BM-020, WM-014,29,0,1,0,0,1,0
6,10878,1,6,12,19,14,14,16,12,10, LM-203, BM-212, WM-223,47,0,3,0,0,3,0
7,332,0,7,15,15,12,18,16,13,15, BF-010, BF-007, WF-002,30,1,2,0,0,2,1
7,700,1,9,20,20,20,20,18,20,19, BM-002, BM-005, WM-009,26,0,2,1,1,10,1
7,1032,1,9,19,19,17,19,20,20,20, LM-201, BM-004, WM-002,29,0,3,0,0,7,1
7,1871,1,8,19,13,9,13,14,12,16, BF-001, BF-001, WF-001,25,1,2,0,0,2,1
7,2072,0,1,1,2,1,6,4,3,0, empty,NA,NA,66,1,1,0,0,1,0
7,2353,0,1,2,2,0,4,2,2,1, WM-249, BM-218, WM-249,47,0,1,0,0,0,0
7,2718,1,3,7,6,7,5,9,2,3, BF-009, BF-009, WF-008,35,1,2,0,0,0,1
7,2854,1,9,19,20,20,19,20,20,18, BM-011, BM-018, WM-013,31,0,2,0,0,19,1
7,2897,1,7,14,9,9,10,11,9,10, WM-004, BM-010, WM-010,28,0,1,0,0,1,1
7,2937,1,5,7,7,8,5,5,9,7, WM-001, BM-009, WM-001,20,0,1,0,0,0,1
7,3122,0,4,11,8,8,13,11,9,8, empty, BM-212, WM-223,46,0,1,0,0,2,0
7,3246,0,3,1,2,4,2,2,3,2, WM-002, BM-004, WM-002,30,0,1,0,0,0,0
7,3408,1,3,3,1,4,3,8,3,0, WF-022, BF-002, WF-022,19,1,1,0,0,0,1
7,3552,0,3,1,0,2,6,1,2,2, WM-006, BM-003, WM-006,28,0,1,0,0,0,0
7,3574,1,3,20,11,14,14,14,12,15, BM-010, BM-005, WM-009,24,0,2,0,0,2,1
7,3642,1,4,13,13,13,15,13,14,14, BM-012, BM-021, WM-023,41,0,2,0,0,3,1
7,3692,1,2,17,19,19,17,18,19,18, BM-021, BM-025, WM-201,41,0,2,0,0,8,1
7,3783,0,1,1,2,1,4,3,1,1, WM-023, BM-025, WM-201,38,0,1,0,0,0,1
7,4028,0,4,1,1,1,2,1,2,2, BF-007, BF-007, WF-002,35,1,2,0,0,0,0
7,4403,0,7,18,19,17,17,19,18,19, BM-025, BM-021, WM-023,40,0,2,0,0,6,1
7,4609,0,1,1,0,5,2,1,0,3, WM-248, BM-213, WM-248,50,0,1,0,0,0,0
7,4655,0,8,17,19,18,18,20,19,17, WM-012, BM-011, WM-011,31,0,1,0,0,10,0
7,5027,1,4,19,18,18,18,18,18,18, BM-003, BM-001, WM-003,27,0,2,0,0,6,1
7,5057,0,1,3,5,6,5,9,1,3, BF-203, BF-203, WF-221,49,1,2,0,0,1,1
7,5114,1,7,19,20,18,18,20,20,20, empty, BM-213, WM-248,50,0,1,0,0,26,1
7,5223,1,5,15,7,6,10,15,11,10, BF-003, BF-003, WF-003,23,1,2,0,0,1,1
7,5263,1,10,19,20,19,20,20,19,20, BM-009, BM-009, WM-001,19,0,2,2,1,3,1
7,5383,1,9,16,8,13,10,15,7,8, BF-002, BF-002, WF-022,19,1,2,0,0,1,1
7,5850,1,3,15,17,10,17,14,17,17, WF-001, BF-004, WF-005,25,1,1,0,0,2,0
7,5886,0,1,0,0,1,3,2,0,3, empty, BM-034, WM-221,53,0,1,0,0,0,0
7,5993,0,2,2,3,4,7,3,2,3, WM-223, BM-212, WM-223,51,0,1,0,0,1,0
7,6319,1,9,17,15,16,19,17,17,19, BM-001, BM-001, WM-003,23,0,2,0,0,2,0
7,6801,0,8,11,8,8,9,11,5,6, WM-018, BM-012, WM-018,44,0,1,0,0,1,1
7,6980,1,9,19,20,20,18,20,20,19, BF-004, BF-005, WF-006,28,1,2,0,0,13,1
7,7012,0,2,4,1,3,3,4,1,2, BM-015, BM-013, WM-015,28,0,2,0,0,0,1
7,7245,1,8,19,19,18,20,19,20,19, BM-016, BM-015, WM-017,25,0,2,0,0,5,0
7,7468,1,7,15,15,12,17,13,10,13, WM-220, BM-044, WM-225,42,0,1,0,0,2,1
7,7605,1,1,7,5,2,6,3,4,6, BM-034, BM-218, WM-249,49,0,2,0,0,1,0
7,8171,0,2,0,2,5,2,3,0,1, WM-201, BM-033, WM-220,38,0,1,0,0,0,0
7,9268,1,2,7,3,9,5,11,3,7, WM-003, BM-002, WM-004,28,0,1,0,0,1,1
7,9524,0,10,3,7,7,7,6,4,2, WM-011, BM-011, WM-011,29,0,1,0,0,1,0
7,9801,0,5,19,14,15,14,19,16,18, BM-019, BM-016, WM-019,25,0,2,0,0,4,0
7,9921,0,5,13,5,8,10,14,6,7, BM-013, BM-010, WM-010,27,0,2,0,0,1,0
7,9979,0,1,2,3,6,5,6,4,4, WF-002, BF-010, WF-018,34,1,1,0,0,1,0
7,10134,1,7,19,20,19,18,19,18,20, LM-200, BM-003, WM-006,25,0,3,0,0,6,0
7,10528,0,1,5,3,7,6,4,3,6, LM-215, BM-012, WM-018,41,0,3,0,0,1,0
7,10540,1,1,4,4,4,5,7,3,5, WF-008, BF-009, WF-008,31,1,1,0,0,1,0
7,10677,1,9,20,20,19,18,19,20,20, BM-004, BM-017, WM-012,29,0,2,0,0,10,1
7,10721,0,2,14,14,16,17,16,15,15, WM-221, BM-034, WM-221,50,0,1,0,0,4,0
7,10921,0,2,18,11,11,12,16,13,13, BM-005, BM-002, WM-004,26,0,2,0,0,2,0
8,122,1,10,17,19,19,18,17,19,19, BM-020, BM-018, WM-013,30,0,2,0,0,8,0
8,189,0,9,11,12,11,15,13,13,9, WM-221, BM-212, WM-223,52,0,1,0,0,3,0
8,265,1,6,18,20,16,19,18,17,17, BM-005, BM-015, WM-017,28,0,2,0,0,6,0
8,363,1,5,19,20,19,18,20,19,19, WM-201, BM-012, WM-018,44,0,1,0,0,8,0
8,763,1,5,19,18,20,20,19,20,19, LM-200, BM-016, WM-019,26,0,3,0,0,7,1
8,765,1,6,18,20,20,17,17,20,20, empty,NA,NA,66,0,2,0,0,33,1
8,829,1,10,19,20,20,18,20,19,19, WM-017, BM-013, WM-015,22,0,1,1,0,6,1
8,956,1,10,19,20,20,19,20,17,20, BM-013, BM-003, WM-006,24,0,2,0,0,4,1
8,1796,1,3,9,6,8,4,4,6,4, BM-009, BM-009, WM-001,21,0,2,0,0,0,1
8,1834,0,4,11,7,10,9,8,3,8, WM-002, BM-011, WM-011,31,0,1,0,0,0,1
8,1904,0,4,6,5,4,6,7,4,3, BM-004, BM-004, WM-002,32,0,2,0,0,1,1
8,2078,1,5,18,18,17,18,16,17,15, WM-023, BM-021, WM-023,43,0,1,0,0,4,1
8,2121,0,4,19,17,20,18,20,15,17, BF-001, BF-001, WF-001,28,1,2,0,0,4,1
8,2396,0,4,1,1,0,1,0,1,1, empty,NA,NA,57,1,1,0,0,0,0
8,3056,0,3,4,0,2,3,1,2,2, BM-019, BM-019, WM-026,25,0,2,0,0,0,1
8,3146,1,3,4,4,1,3,5,4,3, LM-215, BM-021, WM-023,37,0,3,0,0,0,1
8,3483,0,1,3,6,9,5,8,4,5, WM-018, BM-012, WM-018,39,0,1,0,0,0,0
8,3585,1,1,3,1,2,5,3,3,4, WM-248, BM-212, WM-223,54,0,1,0,0,1,0
8,3761,1,5,20,19,18,19,20,19,19, BM-021, BM-025, WM-201,42,0,2,0,0,7,1
8,4076,0,6,19,19,18,20,17,18,16, BM-017, BM-004, WM-002,33,0,2,0,0,6,1
8,4255,0,5,0,2,3,4,3,3,1, WM-006, BM-013, WM-015,27,0,1,0,0,0,1
8,4436,1,10,19,20,19,17,18,17,16, BM-002, BM-003, WM-006,23,0,2,0,0,4,1
8,4730,1,2,13,15,14,11,15,12,9, WM-024, BM-036, WM-024,20,0,1,0,0,1,1
8,5224,1,8,7,6,7,10,10,7,8, BM-015, BM-010, WM-010,25,0,2,0,0,0,1
8,5354,1,9,6,1,2,4,1,6,7, BM-016, BM-015, WM-017,24,0,2,0,0,1,0
8,5485,1,8,7,2,3,3,0,2,0, BM-003, BM-010, WM-010,22,0,2,0,0,0,1
8,5553,0,3,4,4,3,6,4,5,2, WM-019, BM-023, WM-028,22,0,1,0,0,0,1
8,6205,1,1,18,20,18,18,19,20,20, BM-034, BM-034, WM-221,53,0,2,0,0,15,1
8,6443,0,5,17,18,17,19,17,16,17, WM-004, BM-005, WM-009,28,0,1,0,0,5,1
8,6658,1,4,0,1,2,3,3,2,3, BM-012, BM-025, WM-201,39,0,2,0,0,0,1
8,7257,1,3,8,5,7,10,6,9,8, WM-010, BM-001, WM-003,24,0,1,0,0,1,1
8,7340,1,4,3,4,8,6,0,3,4, WF-002, BF-007, WF-002,31,1,1,0,0,0,1
8,7445,1,8,10,4,9,5,4,5,6, LM-201, BM-017, WM-012,31,0,3,0,0,1,1
8,7723,0,2,5,4,7,7,5,6,6, LM-206, BM-016, WM-019,24,0,3,0,0,0,1
8,7754,1,4,13,15,15,14,16,14,12, WM-015, BM-005, WM-009,25,0,1,0,0,2,0
8,7788,1,6,19,20,20,20,19,20,20, BM-011, BM-011, WM-011,33,0,2,0,0,7,1
8,7914,0,1,1,1,2,2,2,3,1, WM-223, BM-213, WM-248,55,0,1,0,0,0,0
8,8036,0,1,6,4,6,7,5,5,7, LM-226, BM-033, WM-220,42,0,3,0,0,1,0
8,8045,1,9,18,20,19,17,19,19,18, WM-003, BM-001, WM-003,23,0,1,0,0,6,1
8,8278,1,6,13,12,9,15,13,11,15, BM-212, BM-034, WM-221,53,0,2,0,0,3,1
8,8526,0,9,8,1,4,4,3,2,3, BF-003, BF-003, WF-003,26,1,2,0,0,0,0
8,8835,0,1,17,14,15,15,16,15,18, BM-022, BM-020, WM-014,29,0,2,0,0,3,0
8,9031,1,7,20,20,18,19,20,20,19, BM-010, BM-002, WM-004,27,0,2,0,0,21,1
8,9488,1,4,2,1,5,3,2,4,2, WM-001, BM-009, WM-001,21,0,1,0,0,0,0
8,9747,1,4,19,18,18,20,19,16,18, BM-018, BM-017, WM-012,32,0,2,0,0,4,1
8,9832,1,4,11,6,7,6,6,5,7, WM-009, BM-019, WM-026,25,0,1,0,0,1,0
8,10498,0,1,3,5,6,5,3,3,4, empty,NA,NA,65,1,1,0,0,1,1
8,10499,1,9,19,20,20,19,19,19,19, WF-001, BF-004, WF-005,28,1,1,0,0,5,1
8,10836,1,6,17,16,18,17,19,13,14, BM-001, BM-002, WM-004,25,0,2,0,0,3,1
8,10979,0,1,1,2,1,4,2,3,3, BM-025, BM-044, WM-225,43,0,2,0,0,0,0
9,730,0,6,3,6,3,2,2,2,2, AM-205, BM-022, WM-016,35,0,4,0,0,0,1
9,807,0,9,2,1,2,2,2,2,3, WM-006, BM-005, WM-009,23,0,1,0,0,0,0
9,919,1,10,3,4,6,3,4,0,2, LM-215, BM-012, WM-018,36,0,3,0,0,1,0
9,1212,1,5,5,5,5,5,2,3,2, BF-001, BF-001, WF-001,24,1,2,0,0,1,0
9,1314,1,8,19,20,18,19,20,20,20, BM-041, BM-041, WM-029,31,0,2,0,3,25,0
9,1446,0,1,7,17,13,14,12,13,13, WM-012, BM-038, WM-022,35,0,1,0,0,2,1
9,1559,0,4,19,20,17,16,20,19,20, WM-004, BM-013, WM-015,24,0,1,1,2,3,0
9,1689,1,1,8,10,12,9,13,8,8, WM-223, BM-212, WM-223,54,0,1,0,0,3,0
9,2405,0,3,3,1,3,1,0,1,0, BF-006, BF-003, WF-003,24,1,2,0,0,0,1
9,2567,0,6,0,4,7,5,3,1,3, WM-018, BM-021, WM-023,38,0,1,0,0,1,0
9,2780,0,1,0,0,1,1,0,1,0, empty,NA,NA,58,0,1,0,0,0,0
9,3298,0,5,18,19,18,18,19,19,19, WM-011, BM-011, WM-011,31,0,1,0,0,6,0
9,4441,0,2,2,3,5,1,2,0,1, WF-221, BF-203, WF-221,54,1,1,0,0,1,0
9,4510,0,1,5,6,6,11,6,9,9, WM-248, BM-212, WM-223,54,0,1,0,0,2,0
9,5074,1,1,4,2,5,3,2,3,2, BM-004, BM-004, WM-002,33,0,2,0,0,1,0
9,5096,0,4,2,4,5,2,0,2,1, BF-027, BF-024, WF-014,38,1,2,0,0,0,0
9,5342,0,5,9,15,13,13,9,14,13, WM-221, BM-034, WM-221,47,0,1,0,0,3,0
9,5370,0,2,9,6,8,8,9,4,2, BM-010, BM-001, WM-003,23,0,2,0,0,1,0
9,5420,1,4,16,15,14,16,17,12,13, BM-003, BM-003, WM-006,22,0,2,0,0,2,1
9,5600,1,5,2,2,2,3,1,1,4, BM-001, BM-001, WM-003,25,0,2,0,0,0,0
9,5670,1,8,20,20,20,20,19,19,20, WM-001, BM-009, WM-001,18,0,1,5,0,4,1
9,5745,0,3,17,14,15,15,17,15,18, BM-020, BM-017, WM-012,29,0,2,0,0,2,1
9,5821,0,5,13,13,14,19,14,18,17, WM-002, BM-004, WM-002,31,0,1,0,0,3,0
9,6595,0,1,2,1,2,0,0,1,2, BM-033, BM-021, WM-023,40,0,2,0,0,0,1
9,6862,0,4,14,19,18,19,17,20,19, BM-022, BM-018, WM-013,31,0,2,0,0,5,1
9,6916,0,6,13,10,8,9,10,7,6, BM-002, BM-002, WM-004,23,0,2,0,0,1,1
9,7178,1,6,15,19,15,19,18,18,19, BM-025, BM-033, WM-220,43,0,2,0,0,7,1
9,7323,1,5,19,17,18,20,20,20,16, BM-021, BM-025, WM-201,41,0,2,0,0,19,1
9,8118,0,6,16,14,11,17,14,17,16, BM-011, BM-017, WM-012,34,0,2,0,0,4,0
9,8253,0,3,0,1,2,0,0,1,3, BM-032, BM-029, WM-020,29,0,2,0,0,0,0
9,8259,0,1,0,0,2,1,0,1,2, empty,NA,NA,58,0,2,0,0,0,1
9,8292,1,10,19,20,19,20,20,19,20, BM-005, BM-005, WM-009,28,0,2,0,8,12,1
9,8306,1,9,19,18,19,17,20,19,19, BM-012, BM-012, WM-018,43,0,2,0,0,15,0
9,8705,1,9,20,20,20,18,20,19,20, BF-003, BF-003, WF-003,22,1,2,0,0,4,1
9,8791,0,6,0,2,1,2,0,0,1, WF-002, BF-007, WF-002,29,1,1,0,0,0,0
9,8847,1,5,11,13,14,12,18,14,14, BF-024, BF-024, WF-014,39,1,2,0,0,3,1
9,8891,1,4,18,20,18,19,20,19,19, empty,NA,NA,56,0,1,0,0,17,1
9,9040,0,1,17,15,12,14,17,17,15, BM-029, BM-020, WM-014,34,0,2,0,0,3,1
9,9055,1,4,2,1,3,3,0,0,2, LF-227, BF-002, WF-022,21,1,3,0,0,0,0
9,9163,1,8,20,20,19,20,20,20,20, BM-038, BM-032, WM-021,31,0,2,1,1,12,0
9,9367,1,9,20,20,16,20,19,19,19, BF-004, BF-004, WF-005,25,1,2,0,0,7,1
9,9534,1,6,20,20,20,20,20,20,20, BM-034, BM-034, WM-221,49,0,2,0,0,29,1
9,9746,0,7,7,1,5,1,4,4,4, LM-200, BM-003, WM-006,23,0,3,0,0,0,0
9,9811,1,9,20,19,19,17,17,19,19, BF-005, BF-001, WF-001,25,1,2,0,0,5,1
9,9852,1,10,14,19,18,16,18,18,17, BM-009, BM-009, WM-001,21,0,2,0,2,2,1
9,10167,1,6,13,17,12,9,15,15,17, BM-013, BM-002, WM-004,24,0,2,0,0,2,1
9,10369,0,1,5,4,8,4,4,5,4, LM-201, BM-011, WM-011,29,0,3,0,0,1,1
9,10652,1,6,10,16,13,12,15,15,13, BM-017, BM-018, WM-013,33,0,2,0,0,3,0
9,10925,1,2,8,17,13,10,15,12,16, WM-003, BM-010, WM-010,26,0,1,0,0,3,0
9,10985,1,10,20,19,20,20,20,18,20, BM-018, BM-020, WM-014,30,0,2,0,1,19,1
10,22,0,10,18,18,17,17,18,17,17, BM-013, BM-005, WM-009,25,0,2,0,0,3,1
10,208,1,2,10,12,14,10,13,12,12, WM-023, BM-021, WM-023,44,0,1,0,0,2,0
10,480,1,9,6,5,7,9,7,6,6, BM-036, BM-037, WM-025,20,0,2,0,0,0,1
10,657,1,10,18,18,14,18,19,17,16, BF-001, BF-001, WF-001,24,1,2,0,0,3,1
10,1300,0,5,4,2,2,3,5,6,4, WF-022, BF-002, WF-022,21,1,1,0,0,0,0
10,1522,0,7,17,16,17,15,14,14,16, BM-001, BM-002, WM-004,23,0,2,0,0,2,0
10,1718,1,9,20,18,18,20,20,20,19, BM-016, BM-015, WM-017,25,0,2,0,1,11,1
10,1841,0,3,5,8,6,6,5,6,10, WF-014, BF-024, WF-014,37,1,1,0,0,1,0
10,2165,1,1,0,1,2,1,4,2,2, BM-212, BM-213, WM-248,53,0,2,0,0,0,0
10,2400,0,8,20,18,19,20,20,19,19, BM-011, BM-018, WM-013,30,0,2,0,2,11,1
10,2687,0,1,1,5,0,4,3,2,1, WM-221, BM-212, WM-223,54,0,1,0,0,0,0
10,2841,0,5,16,18,18,20,18,17,16, WM-009, BM-010, WM-010,24,0,1,0,1,3,0
10,3055,0,2,14,14,16,17,13,14,14, empty,NA,NA,61,0,2,0,0,5,1
10,3084,0,4,17,18,18,18,18,16,15, BF-203, BF-203, WF-221,50,1,2,0,0,7,0
10,3110,1,4,3,5,2,2,4,4,4, WM-024, BM-036, WM-024,21,0,1,0,0,0,0
10,3255,0,2,13,16,12,18,15,15,12, BM-218, BM-212, WM-223,51,0,2,0,0,4,0
10,3641,0,6,4,2,2,1,3,1,4, WM-006, BM-013, WM-015,26,0,1,0,0,0,0
10,3952,0,4,2,3,3,4,1,3,4, WM-201, BM-033, WM-220,37,0,1,0,0,0,0
10,4182,0,5,13,12,11,15,12,8,10, WM-002, BM-004, WM-002,32,0,1,0,0,0,1
10,4520,1,6,15,12,11,14,18,15,14, BF-010, BF-010, WF-018,30,1,2,0,0,3,1
10,4524,0,4,7,5,5,10,7,10,5, WM-001, BM-009, WM-001,20,0,1,0,0,0,1
10,4593,0,1,1,0,2,6,3,0,3, AM-219, BM-025, WM-201,38,0,4,0,0,0,0
10,4748,0,3,0,0,1,3,1,2,2, BF-009, BF-009, WF-008,30,1,2,0,0,0,0
10,4754,0,1,6,4,10,10,7,9,11, BM-213, BM-034, WM-221,47,0,2,0,0,1,1
10,4870,0,2,6,5,3,7,8,10,5, WM-004, BM-010, WM-010,24,0,1,0,0,1,0
10,5069,1,10,17,19,20,17,19,16,14, BM-010, BM-003, WM-006,24,0,2,1,0,2,0
10,5249,0,4,2,2,2,3,3,1,4, BM-002, BM-003, WM-006,28,0,2,0,0,0,1
10,5369,0,1,0,0,0,2,0,2,2, BM-012, BM-021, WM-023,45,0,2,0,0,0,0
10,5372,0,2,6,5,3,8,6,5,5, BF-007, BF-007, WF-002,29,1,2,0,0,0,1
10,5387,1,1,2,2,3,2,4,2,5, BM-020, BM-029, WM-020,34,0,2,0,0,0,0
10,5563,1,6,7,3,5,8,7,5,5, WM-012, BM-017, WM-012,33,0,1,0,0,0,1
10,5623,1,6,1,2,1,5,3,3,5, WM-011, BM-011, WM-011,32,0,1,0,0,0,0
10,5673,1,6,17,19,17,19,20,19,17, BM-004, BM-017, WM-012,32,0,2,0,0,10,1
10,5968,1,4,19,18,19,20,18,16,17, empty,NA,NA,57,0,1,0,0,9,1
10,6360,0,3,6,1,6,7,9,6,2, WM-018, BM-012, WM-018,39,0,1,0,0,0,1
10,6449,1,5,18,19,18,19,18,17,18, BM-034, BM-034, WM-221,51,0,2,0,0,11,0
10,6690,1,10,20,19,19,19,20,19,20, BM-005, BM-002, WM-004,25,0,2,0,1,7,1
10,7099,0,2,10,9,11,13,8,9,11, BM-017, BM-020, WM-014,34,0,2,0,0,2,1
10,7148,0,7,19,19,19,18,20,19,19, LM-215, BM-012, WM-018,45,0,3,0,0,8,1
10,7847,0,1,1,6,1,4,1,2,3, WM-013, BM-018, WM-013,30,0,1,0,0,0,0
10,8438,1,10,17,20,18,19,19,17,19, WF-002, BF-007, WF-002,34,1,1,0,0,12,1
10,8471,1,4,19,19,17,18,18,19,14, BM-003, BM-001, WM-003,23,0,2,0,0,2,1
10,8563,0,2,5,4,4,8,5,8,7, LM-200, BM-001, WM-003,27,0,3,0,0,1,0
10,8863,1,6,18,19,18,19,19,14,17, LM-202, BM-011, WM-011,31,0,3,0,0,5,1
10,9229,0,8,6,2,3,2,3,1,5, BM-015, BM-013, WM-015,22,0,2,0,0,0,0
10,9495,1,7,17,19,17,17,18,16,16, LM-207, BM-036, WM-024,21,0,3,0,1,2,1
10,9831,1,2,2,1,0,3,1,1,4, LM-201, BM-004, WM-002,29,0,3,0,0,0,0
10,10136,1,3,14,15,15,14,13,12,15, BM-018, BM-022, WM-016,34,0,2,0,0,2,1
10,10807,1,9,16,16,13,16,13,15,16, WM-003, BM-005, WM-009,25,0,1,0,0,3,0
10,10949,1,9,17,19,14,17,16,14,15, BM-009, BM-009, WM-001,19,0,2,1,0,1,1
11,266,0,1,8,13,10,12,11,12,12, LM-203, BM-034, WM-221,54,0,3,0,0,2,1
11,279,0,1,5,7,2,9,6,4,2, empty,NA,NA,57,0,3,0,0,1,1
11,469,1,10,9,4,8,8,10,5,6, BM-037, BM-037, WM-025,20,0,2,0,0,0,1
11,648,1,5,1,4,2,8,1,1,2, empty,NA,NA,57,0,2,0,0,1,1
11,1157,0,7,16,16,15,17,18,14,13, empty, BM-001, WM-003,27,0,5,0,0,3,0
11,1191,1,4,7,3,8,5,5,7,1, WM-003, BM-001, WM-003,22,0,1,0,0,0,1
11,1611,0,3,13,16,18,18,18,17,16, BM-212, BM-034, WM-221,47,0,2,0,0,4,1
11,2152,0,2,14,12,12,12,13,15,14, BF-024, BF-027, WF-026,42,1,2,0,0,2,1
11,2638,0,4,6,2,3,4,0,1,3, WM-006, BM-005, WM-009,23,0,1,0,0,0,0
11,2898,0,3,5,1,0,1,1,1,1, WF-002, BF-007, WF-002,31,1,1,0,0,0,0
11,2907,1,6,12,18,18,18,20,20,20, BM-001, BM-002, WM-004,22,0,2,0,0,3,1
11,3293,0,3,2,3,2,4,2,1,2, WF-001, BF-001, WF-001,27,1,1,0,0,0,1
11,3347,1,3,13,17,17,18,19,20,18, BF-027, BF-024, WF-014,36,1,2,0,0,7,1
11,3412,0,2,3,3,0,2,0,1,6, WM-009, BM-010, WM-010,25,0,1,0,0,0,0
11,3562,0,1,7,3,2,3,3,1,3, BM-213, BM-212, WM-223,52,0,2,0,0,0,1
11,3950,1,9,13,15,14,16,16,17,18, WM-018, BM-012, WM-018,38,0,1,0,0,3,1
11,4139,1,8,19,20,20,20,19,20,18, BM-017, BM-004, WM-002,35,0,2,0,1,14,0
11,4165,0,7,6,3,6,6,6,5,7, BM-003, BM-002, WM-004,22,0,2,0,0,0,1
11,4694,0,4,10,11,10,13,10,10,9, WM-201, BM-025, WM-201,44,0,1,0,0,2,0
11,4835,0,10,5,5,7,4,4,6,3, BM-021, BM-012, WM-018,37,0,2,0,0,1,1
11,5506,1,5,12,20,20,17,18,19,19, WM-004, BM-003, WM-006,24,0,1,0,0,3,1
11,5689,0,4,10,16,12,16,17,15,17, WM-010, BM-013, WM-015,22,0,1,0,0,1,1
11,5939,0,1,8,13,11,14,13,12,10, WM-258, BM-206, WM-258,45,0,1,0,0,2,1
11,6164,0,1,5,7,7,10,6,6,7, BF-202, BF-027, WF-026,37,1,2,0,0,1,1
11,6339,1,5,18,17,18,20,18,19,20, BM-034, BM-212, WM-223,49,0,2,0,0,11,0
11,6668,1,2,2,1,0,0,1,0,1, BM-004, BM-004, WM-002,29,0,2,0,0,0,0
11,6687,1,8,14,19,20,20,19,19,18, WM-220, BM-033, WM-220,39,0,1,0,0,10,1
11,7247,1,5,12,13,16,14,18,17,18, BF-003, BF-003, WF-003,24,1,2,0,0,2,1
11,7508,0,1,4,0,4,2,1,0,2, LM-215, BM-021, WM-023,44,0,3,0,0,0,0
11,8014,1,3,12,17,18,19,19,19,19, BM-218, BM-213, WM-248,52,0,2,0,0,7,0
11,8258,1,7,14,20,19,18,18,20,20, BM-002, BM-015, WM-017,26,0,2,0,0,6,1
11,8403,1,4,7,2,5,5,5,4,3, BM-009, BM-009, WM-001,19,0,2,0,0,0,1
11,8534,1,5,18,20,20,19,18,20,20, WF-014, BF-024, WF-014,44,1,1,0,0,10,1
11,8565,1,10,17,18,20,19,20,19,20, BM-011, BM-011, WM-011,30,0,2,0,0,13,1
11,8642,0,6,7,14,14,17,13,10,14, empty,NA,NA,61,0,1,0,0,4,1
11,8777,0,4,8,15,12,11,16,16,15, WM-001, BM-201, WM-035,21,0,1,0,0,1,1
11,8939,0,4,5,6,7,4,6,4,6, BF-001, BF-001, WF-001,26,1,2,0,0,1,0
11,9172,0,7,7,4,10,6,11,5,6, BM-036, BM-036, WM-024,21,0,2,0,0,0,1
11,9380,0,4,16,18,19,18,19,17,16, WM-023, BM-021, WM-023,38,0,1,0,0,5,1
11,9484,0,2,1,5,4,3,4,4,5, WF-026, BF-202, WF-216,41,1,1,0,0,1,0
11,9685,1,7,4,2,5,3,3,4,6, BM-005, BM-005, WM-009,22,0,2,0,0,0,0
11,9971,0,1,1,0,0,2,0,1,0, WF-221, BF-203, WF-221,55,1,1,0,0,0,1
11,10169,1,7,1,3,1,1,3,2,2, WM-002, BM-017, WM-012,33,0,1,0,0,0,0
11,10267,0,8,16,20,20,17,18,17,18, BF-007, BF-007, WF-002,31,1,2,0,0,4,1
11,10317,0,1,4,1,1,1,1,1,1, empty,NA,NA,62,0,2,0,0,0,0
11,10492,0,6,17,20,20,20,20,20,19, LF-201, BF-003, WF-003,25,1,3,0,1,14,1
11,10560,1,1,8,11,11,15,10,10,9, WM-225, BM-044, WM-225,41,0,1,0,0,1,1
11,10580,0,8,4,9,8,12,9,7,10, WF-003, BF-004, WF-005,22,1,1,0,0,1,0
11,10703,0,7,19,19,20,20,20,20,20, BM-012, BM-025, WM-201,43,0,2,0,1,23,1
11,10931,0,3,9,9,10,12,8,10,12, LM-200, BM-003, WM-006,28,0,3,0,0,1,1
12,163,0,1,5,8,7,7,8,8,7, WM-018, BM-021, WM-023,43,0,1,0,0,1,1
12,215,0,2,9,14,11,9,10,16,16, BM-032, BM-011, WM-011,31,0,2,0,0,1,0
12,510,0,1,2,3,7,2,7,9,6, LM-203, BM-213, WM-248,51,0,3,0,0,1,0
12,603,0,5,13,14,18,16,17,17,17, BM-004, BM-004, WM-002,29,0,2,1,0,2,1
12,887,1,6,14,20,19,17,17,15,18, BM-020, BM-020, WM-014,30,0,2,0,0,5,1
12,1467,1,7,17,20,20,20,19,19,20, BM-011, BM-011, WM-011,29,0,2,0,0,10,1
12,1578,0,1,5,9,9,7,3,11,10, WM-225, BM-044, WM-225,39,0,1,0,0,1,1
12,1615,0,1,3,3,5,4,3,5,6, WF-014, BF-024, WF-014,38,1,1,0,0,0,1
12,1629,0,5,11,13,16,11,14,16,16, BM-016, BM-002, WM-004,27,0,2,0,0,2,1
12,1943,1,3,4,4,5,3,2,4,2, BM-015, BM-001, WM-003,24,0,2,0,0,0,1
12,2140,0,1,2,5,8,6,5,6,8, empty,NA,NA,59,1,1,0,0,1,1
12,2456,0,6,15,18,18,19,19,17,18, WM-023, BM-025, WM-201,43,0,1,0,0,9,1
12,2543,0,8,20,20,20,20,20,20,19, BM-012, BM-012, WM-018,37,0,2,2,3,24,1
12,2765,0,2,2,3,1,1,0,1,3, BF-003, BF-004, WF-005,26,1,2,0,0,0,0
12,2917,0,4,9,17,18,18,17,14,17, WM-004, BM-003, WM-006,26,0,1,0,0,3,0
12,2959,0,7,11,14,15,10,14,8,10, BM-001, BM-002, WM-004,26,0,2,0,0,2,0
12,3022,0,5,12,17,18,18,17,15,17, BM-022, BM-029, WM-020,35,0,2,0,0,4,0
12,3182,0,5,15,11,11,9,9,10,9, BM-010, BM-015, WM-017,25,0,2,0,0,2,1
12,3508,0,5,7,5,8,1,6,4,5, BF-002, BF-002, WF-022,20,1,2,0,0,0,1
12,4186,0,1,3,5,3,0,4,3,4, empty,NA,NA,59,0,1,0,0,0,1
12,4371,0,1,4,0,1,0,1,0,1, empty,NA,NA,57,0,1,0,0,0,0
12,4643,1,10,13,19,20,20,19,20,19, BM-029, BM-004, WM-002,32,0,2,0,1,12,0
12,4701,0,10,18,20,20,20,18,20,18, WM-201, BM-012, WM-018,38,0,1,0,0,17,1
12,4881,0,6,8,8,8,5,8,9,5, BM-041, BM-018, WM-013,31,0,2,0,0,0,1
12,4940,1,10,15,19,18,17,18,16,16, BM-018, BM-018, WM-013,34,0,2,0,0,9,1
12,5454,1,4,4,5,3,5,2,4,7, WF-001, BF-001, WF-001,25,1,1,0,0,0,1
12,5635,0,1,5,14,14,14,9,7,10, WF-237, BF-211, WF-237,52,1,1,0,0,3,0
12,5678,1,9,18,20,20,20,18,20,18, BM-021, BM-033, WM-220,38,0,2,0,1,16,1
12,6000,1,5,1,3,3,2,1,2,4, BF-001, BF-003, WF-003,23,1,2,0,0,0,1
12,6574,1,2,11,13,17,17,15,17,17, BF-007, BF-007, WF-002,31,1,2,0,0,2,1
12,6769,0,2,8,4,5,3,5,4,4, WF-026, BF-027, WF-026,40,1,1,0,0,0,1
12,7112,1,7,14,19,17,19,18,19,19, BM-034, BM-212, WM-223,55,0,2,0,0,10,0
12,7234,0,5,10,5,8,6,6,9,12, LM-215, BM-025, WM-201,37,0,3,0,0,1,1
12,7427,0,8,14,20,20,17,17,19,17, BM-005, BM-013, WM-015,27,0,2,0,0,8,0
12,7640,1,7,6,7,9,6,7,8,9, WM-220, BM-021, WM-023,37,0,1,0,0,1,1
12,7675,1,7,1,1,2,1,1,4,1, WM-001, BM-009, WM-001,20,0,1,0,0,0,1
12,7987,1,9,17,20,20,20,20,20,20, WM-002, BM-022, WM-016,29,0,1,4,1,10,1
12,8107,0,1,2,3,3,1,3,4,5, WF-221, BF-203, WF-221,49,1,1,0,0,1,0
12,8308,1,7,17,19,19,20,18,17,18, BM-002, BM-005, WM-009,27,0,2,1,0,6,1
12,8885,1,8,10,10,13,8,9,6,9, BM-013, BM-016, WM-019,22,0,2,0,1,1,1
12,8929,1,2,5,5,8,4,3,3,5, LM-201, BM-032, WM-021,30,0,3,0,0,1,1
12,9246,0,1,1,0,1,1,1,2,1, WF-240, BF-203, WF-221,55,1,1,0,0,0,0
12,9303,0,9,4,0,3,0,2,0,1, BM-017, BM-017, WM-012,30,0,2,0,0,0,0
12,9523,1,5,10,14,18,13,9,15,16, BM-038, BM-017, WM-012,30,0,2,0,0,2,1
12,9563,0,6,8,11,11,9,10,7,4, WM-003, BM-001, WM-003,22,0,1,0,0,1,1
12,9597,0,4,2,3,5,1,3,5,5, WM-006, BM-003, WM-006,22,0,1,0,0,0,0
12,9785,0,2,4,0,4,0,2,1,3, WM-221, BM-034, WM-221,47,0,1,0,0,0,0
12,9953,1,3,10,10,13,7,13,11,11, BM-003, BM-010, WM-010,23,0,2,0,0,1,1
12,10656,0,4,7,7,5,5,3,3,3, BM-009, BM-036, WM-024,20,0,2,0,0,0,1
12,10935,1,9,16,20,20,19,17,19,18, LM-202, BM-020, WM-014,31,0,3,1,0,7,0
13,210,1,7,16,18,19,19,18,19,17, BM-004, BM-004, WM-002,32,0,2,0,0,3,1
13,366,1,8,11,16,12,14,12,13,16, WM-006, BM-015, WM-017,22,0,1,0,0,1,0
13,1144,0,5,20,17,18,17,18,19,17, BF-007, BF-007, WF-002,29,1,2,0,0,3,1
13,1244,0,4,12,13,12,14,13,15,15, WM-221, BM-034, WM-221,47,0,1,0,0,2,1
13,1530,0,1,1,1,1,3,0,2,1, empty,NA,NA,69,0,3,0,0,0,0
13,1682,0,1,8,14,17,14,17,14,10, WM-201, BM-209,NA,40,0,1,0,0,3,1
13,1874,0,4,1,9,6,6,6,8,8, WF-001, BF-003, WF-003,28,1,1,0,0,1,0
13,2446,1,3,6,3,10,6,9,7,4, WM-003, BM-002, WM-004,23,0,1,0,0,0,1
13,2484,0,1,5,1,2,3,2,1,1, WM-248, BM-213, WM-248,50,0,1,0,0,0,0
13,2519,1,7,19,20,19,19,20,17,18, BM-017, BM-017, WM-012,32,0,2,1,3,24,1
13,2654,0,7,14,13,19,12,19,18,16, BM-003, BM-010, WM-010,27,0,2,0,0,3,0
13,2681,0,3,5,11,9,10,8,7,8, BM-025, BM-025, WM-201,43,0,2,0,0,1,1
13,2865,1,4,16,14,19,13,20,18,15, BM-005, BM-013, WM-015,22,0,2,0,0,2,1
13,3113,1,3,12,15,17,14,18,15,14, LM-201, BM-018, WM-013,34,0,3,0,0,2,1
13,3480,0,2,1,6,8,6,5,4,3, BM-034, BM-034, WM-221,53,0,2,0,0,1,0
13,3488,0,1,10,13,15,16,14,12,10, WM-023, BM-206, WM-258,36,0,1,0,0,2,1
13,3636,0,6,17,19,20,19,18,16,16, BF-211, BF-203, WF-221,54,1,2,0,0,7,1
13,4476,1,8,17,20,19,18,20,18,19, empty,NA,NA,60,0,2,0,0,19,1
13,4612,1,7,18,18,16,18,20,17,19, WM-002, BM-011, WM-011,31,0,1,0,0,4,1
13,4834,0,5,15,18,17,16,18,14,18, BF-003, BF-001, WF-001,27,1,2,0,0,3,1
13,4933,0,8,19,20,20,19,20,19,17, BM-012, BM-012, WM-018,37,0,2,0,0,14,1
13,5128,0,2,4,4,5,4,5,8,6, LM-215, BM-012, WM-018,39,0,3,0,0,1,0
13,5138,1,7,4,2,6,4,2,6,7, WM-024, BM-009, WM-001,21,0,1,0,0,0,1
13,5535,1,6,14,14,15,12,17,12,10, WM-001, BM-009, WM-001,21,0,1,0,0,1,1
13,5727,0,5,20,19,17,19,20,19,19, BM-021, BM-021, WM-023,40,0,2,0,0,21,1
13,5921,1,3,15,17,16,17,18,20,19, WM-223, BM-212, WM-223,52,0,1,0,0,4,0
13,6022,1,3,13,19,17,19,18,17,17, empty,NA,NA,58,0,1,0,0,5,1
13,6570,0,4,14,16,15,15,14,18,16, WM-249, BM-218, WM-249,47,0,1,0,0,2,1
13,6631,1,5,1,1,2,3,3,2,1, BM-033, BM-044, WM-225,43,0,2,0,0,0,1
13,6661,0,2,5,2,6,3,2,6,5, WM-004, BM-003, WM-006,24,0,1,0,0,0,1
13,7381,0,6,1,0,3,4,1,4,4, BF-027, BF-027, WF-026,43,1,2,0,0,0,1
13,7488,1,8,7,4,7,4,7,8,3, BM-009, BM-036, WM-024,21,0,2,0,0,0,1
13,7581,1,1,6,4,4,7,6,8,10, BM-002, BM-005, WM-009,27,0,2,0,0,0,0
13,7821,0,8,8,9,13,9,10,8,7, WM-012, BM-004, WM-002,30,0,1,0,0,1,1
13,7962,0,1,1,1,3,2,1,1,2, BF-024, BF-024, WF-014,41,1,2,0,0,0,1
13,8000,1,3,7,12,13,7,14,16,12, BF-001, BF-001, WF-001,26,1,2,0,0,1,1
13,8264,1,3,3,8,11,9,7,4,5, BM-011, BM-011, WM-011,30,0,2,0,0,1,1
13,8285,1,6,17,20,18,18,20,19,20, BM-001, BM-001, WM-003,28,0,2,0,0,8,0
13,8355,0,4,15,9,16,16,13,14,8, BM-015, BM-003, WM-006,28,0,2,0,0,2,1
13,8761,1,2,17,18,18,19,20,17,18, WM-011, BM-017, WM-012,32,0,1,0,0,4,0
13,8794,0,2,3,7,9,8,6,6,1, WF-002, BF-009, WF-008,30,1,1,0,0,1,1
13,9041,0,1,5,4,3,5,3,3,2, WM-220, BM-221,NA,36,0,1,0,0,0,0
13,9392,0,5,3,3,5,4,4,6,8, empty, BM-225,NA,53,0,1,0,0,1,0
13,9475,0,1,3,5,7,8,7,2,5, BM-018, BM-018, WM-013,31,0,2,0,0,1,1
13,9745,1,7,10,11,17,9,15,9,9, BM-013, BM-002, WM-004,23,0,2,0,0,2,0
13,10243,0,3,1,0,2,1,0,1,2, LF-200, BF-007, WF-002,29,1,3,0,0,0,0
13,10449,0,2,7,11,14,12,13,14,15, BF-203, BF-203, WF-221,51,1,2,0,0,3,0
13,10643,0,10,5,1,3,4,2,1,1, BM-016, BM-005, WM-009,22,0,2,0,0,0,0
13,10686,0,1,2,1,1,5,2,2,3, WM-018, BM-033, WM-220,36,0,1,0,0,0,1
13,10975,0,2,6,5,13,10,11,6,5, BM-010, BM-001, WM-003,25,0,2,0,0,1,1
14,98,1,6,19,19,20,19,17,19,16, BM-003, BM-003, WM-006,27,0,2,0,1,6,1
14,277,1,8,20,19,20,19,19,19,17, BM-213, BM-212, WM-223,47,0,2,0,0,23,0
14,622,0,6,1,1,0,2,3,0,0, WF-014, BF-024, WF-014,39,1,1,0,0,0,0
14,754,1,4,17,14,19,15,18,18,19, BM-020, BM-011, WM-011,29,0,2,0,0,4,1
14,844,0,6,16,13,16,17,13,17,19, empty,NA,NA,58,0,2,0,0,6,1
14,1128,0,5,2,1,0,2,0,1,0, WF-001, BF-001, WF-001,22,1,1,0,0,0,0
14,1250,1,8,20,19,20,19,19,19,19, BM-011, BM-011, WM-011,35,0,2,0,0,13,1
14,1325,0,1,4,2,2,3,0,1,0, BF-203, BF-203, WF-221,52,1,2,0,0,0,1
14,1430,0,4,2,0,0,3,3,1,3, LM-203, BM-034, WM-221,47,0,3,0,0,0,0
14,1604,1,5,18,12,17,15,13,14,16, BM-025, BM-033, WM-220,36,0,2,0,0,4,0
14,2220,1,4,19,17,18,19,20,19,20, BM-034, BM-034, WM-221,52,0,2,0,0,15,0
14,2320,1,4,6,7,8,4,5,7,2, BF-004, BF-003, WF-003,22,1,2,0,0,0,1
14,2511,0,3,13,12,14,15,14,16,16, LM-215, BM-025, WM-201,37,0,3,0,0,2,0
14,2537,0,2,2,1,2,2,0,0,0, BF-003, BF-003, WF-003,27,1,2,0,0,0,0
14,2766,1,8,20,17,18,20,19,18,18, BM-002, BM-002, WM-004,28,0,2,0,0,8,1
14,3337,1,8,19,19,19,20,19,20,20, BM-004, BM-004, WM-002,32,0,2,0,0,14,1
14,3387,1,1,4,6,7,11,12,6,8, BM-212, BM-212, WM-223,52,0,2,0,0,1,0
14,3631,0,1,1,0,1,1,1,1,1, WF-026, BF-024, WF-014,36,1,1,0,0,0,0
14,3722,1,7,9,5,9,8,10,9,5, BM-019, BM-002, WM-004,23,0,2,0,0,1,0
14,3818,0,4,6,2,5,8,6,1,5, BM-010, BM-010, WM-010,23,0,2,0,0,1,0
14,3841,0,2,5,4,4,8,9,3,9, empty,NA,NA,56,0,1,0,0,1,1
14,3925,1,3,6,8,9,8,5,4,3, BM-001, BM-001, WM-003,22,0,2,0,0,0,1
14,4335,0,9,4,5,5,6,7,1,4, BM-012, BM-012, WM-018,37,0,2,0,0,0,1
14,4336,0,4,10,5,6,10,10,6,3, BM-015, BM-015, WM-017,23,0,2,0,0,1,1
14,4761,1,2,13,9,10,10,10,12,14, LM-201, BM-018, WM-013,30,0,3,0,0,2,0
14,4776,1,2,15,9,14,12,13,17,15, BM-044, BM-021, WM-023,38,0,2,0,0,3,1
14,5432,1,1,20,17,17,18,16,19,19, empty,NA,NA,56,0,1,0,0,9,0
14,5544,0,4,12,10,13,11,14,15,13, BF-005, BF-004, WF-005,24,1,2,0,0,2,1
14,5634,0,1,0,2,1,2,1,0,0, WM-018, BM-021, WM-023,39,0,1,0,0,0,1
14,6320,1,10,20,20,20,20,20,19,20, BM-021, BM-025, WM-201,39,0,2,0,0,21,1
14,6525,1,1,7,5,5,7,8,3,4, WM-221, BM-213, WM-248,51,0,1,0,0,1,1
14,6996,1,5,3,3,2,2,3,2,2, BF-002, BF-002, WF-022,21,1,2,0,0,0,0
14,7123,1,2,2,2,2,1,2,3,1, BM-023, BM-003, WM-006,27,0,2,0,0,0,0
14,7355,0,3,14,8,10,12,10,4,11, WF-002, BF-007, WF-002,35,1,1,0,0,2,0
14,7526,1,3,1,3,0,1,2,3,1, WM-003, BM-001, WM-003,23,0,1,0,0,0,0
14,7607,0,3,12,10,8,12,11,6,10, BF-001, BF-001, WF-001,23,1,2,0,0,1,1
14,8060,0,1,4,1,2,2,2,1,1, empty,NA,NA,62,0,1,0,0,0,1
14,8129,1,9,19,18,19,19,18,19,19, BM-024, BM-005, WM-009,27,0,2,0,0,5,1
14,8140,1,10,20,19,20,20,20,20,19, BM-018, BM-018, WM-013,31,0,2,3,0,16,1
14,8239,0,10,19,19,19,19,19,19,20, BM-005, BM-005, WM-009,28,0,2,0,0,7,1
14,8354,1,8,18,19,20,19,19,19,18, WM-002, BM-004, WM-002,29,0,1,1,0,9,1
14,8379,0,1,0,1,2,1,1,1,1, empty,NA,NA,76,0,4,0,0,0,1
14,8681,1,9,19,20,20,19,20,20,18, BM-017, BM-017, WM-012,33,0,2,0,0,12,1
14,8962,0,3,3,2,0,3,2,2,3, WM-011, BM-017, WM-012,32,0,1,0,0,0,0
14,9129,0,6,15,10,11,15,14,10,11, BM-013, BM-013, WM-015,26,0,2,0,0,2,1
14,9730,0,2,1,3,2,2,2,3,2, WM-012, BM-020, WM-014,30,0,1,0,0,0,0
14,9867,0,3,19,15,19,16,16,19,18, BM-033, BM-012, WM-018,41,0,2,0,0,6,1
14,9894,1,9,20,20,19,19,19,20,20, WF-008, BF-007, WF-002,34,1,1,0,0,10,1
14,10359,0,6,9,4,11,13,10,9,11, BM-016, BM-016, WM-019,25,0,2,0,0,2,0
14,10622,0,6,19,17,16,17,15,19,18, BF-024, BF-027, WF-026,44,1,2,0,0,6,1
15,70,0,4,2,3,2,2,4,2,2, BM-004, BM-011, WM-011,29,0,2,0,0,0,1
15,728,1,1,15,16,20,18,19,19,17, LM-202, BM-017, WM-012,34,0,3,0,0,4,1
15,863,0,4,17,19,20,17,20,19,19, WM-220, BM-021, WM-023,40,0,1,0,0,5,1
15,934,1,5,18,17,19,19,20,18,18, BM-023, BM-010, WM-010,25,0,2,0,0,4,1
15,963,0,5,13,13,15,13,14,10,7, WM-003, BM-001, WM-003,25,0,1,0,0,1,1
15,990,0,6,5,7,5,5,5,3,4, WF-014, BF-024, WF-014,45,1,1,0,0,1,1
15,1196,0,1,5,3,1,2,2,2,1, WM-012, BM-018, WM-013,31,0,1,0,0,0,0
15,1241,1,3,7,5,6,8,9,8,6, WM-002, BM-004, WM-002,34,0,1,0,0,1,0
15,1452,1,5,8,3,7,7,8,3,4, WF-022, BF-002, WF-022,21,1,1,0,1,0,0
15,2278,1,1,0,2,1,0,1,0,2, empty,NA,NA,63,0,1,0,0,0,0
15,2402,1,7,19,18,19,20,20,19,19, BM-034, BM-034, WM-221,46,0,2,0,0,15,1
15,2438,0,1,2,1,1,1,2,1,2, empty,NA,NA,67,0,4,0,0,0,0
15,2583,0,3,18,18,19,15,16,16,16, WF-002, BF-009, WF-008,35,1,1,0,0,4,1
15,2632,0,1,13,17,15,16,19,15,15, empty,NA,NA,56,0,1,0,0,4,1
15,3774,0,1,1,1,1,2,1,1,2, empty,NA,NA,61,0,1,0,0,0,0
15,3805,1,2,9,6,1,1,6,4,6, WM-006, BM-001, WM-003,28,0,1,0,0,0,1
15,3999,0,1,9,9,5,8,11,8,7, BM-021, BM-206, WM-258,41,0,2,0,0,1,1
15,4159,1,2,9,9,4,7,7,8,5, WM-201, BM-044, WM-225,41,0,1,0,0,1,1
15,4288,0,1,8,10,7,8,6,11,12, WM-223, BM-212, WM-223,51,0,1,0,0,2,1
15,4397,1,4,11,11,11,11,10,13,12, BM-025, BM-012, WM-018,37,0,2,0,0,2,1
15,4931,1,1,2,0,1,0,2,0,2, WM-221, BM-034, WM-221,50,0,1,0,0,0,1
15,5042,1,7,19,19,20,20,20,19,20, BM-012, BM-012, WM-018,45,0,2,0,0,13,0
15,5052,0,4,4,5,2,4,5,2,3, WM-023, BM-033, WM-220,44,0,1,0,0,0,1
15,5326,1,4,10,15,15,16,15,18,17, WM-013, BM-020, WM-014,34,0,1,0,0,3,0
15,5935,1,4,20,19,17,18,20,18,19, BM-002, BM-005, WM-009,24,0,2,0,0,3,1
15,5951,0,2,5,1,1,1,1,1,3, LF-202, BF-010, WF-018,33,1,3,0,0,0,1
15,6249,1,3,6,11,14,12,16,10,9, WM-018, BM-025, WM-201,38,0,1,0,0,2,1
15,6864,1,10,18,19,19,19,19,19,20, BM-005, BM-013, WM-015,26,0,2,0,0,6,0
15,7166,0,5,5,5,1,8,4,5,5, BF-007, BF-009, WF-008,33,1,2,0,0,1,1
15,7206,1,2,17,17,19,18,18,19,19, LM-215, BM-021, WM-023,37,0,3,0,0,6,1
15,7320,1,8,16,18,19,17,20,18,17, WM-004, BM-019, WM-026,22,0,1,0,2,3,1
15,7341,1,5,3,5,1,3,5,4,3, BM-015, BM-002, WM-004,25,0,2,0,0,0,0
15,7459,1,8,19,17,19,20,20,19,20, BM-001, BM-002, WM-004,26,0,2,0,0,10,1
15,7807,1,8,19,18,19,20,20,19,20, WM-014, BM-022, WM-016,34,0,1,0,0,13,1
15,7868,0,3,2,7,0,5,5,2,3, BF-024, BF-024, WF-014,37,1,2,0,0,0,1
15,7894,0,8,10,4,3,6,8,6,6, BM-009, BM-009, WM-001,20,0,2,0,0,0,1
15,7916,0,7,5,2,1,3,6,3,4, BM-003, BM-010, WM-010,25,0,2,0,0,0,1
15,8223,0,10,20,19,20,20,19,20,19, WF-008, BF-007, WF-002,31,1,1,0,0,14,1
15,8728,0,6,4,2,0,6,2,2,1, WF-001, BF-001, WF-001,24,1,1,0,0,0,0
15,8866,0,3,9,4,2,5,6,7,6, LF-200, BF-007, WF-002,34,1,3,0,0,1,0
15,9136,0,4,19,18,20,19,20,19,16, BM-016, BM-003, WM-006,26,0,2,0,0,5,1
15,9436,1,7,18,18,20,20,20,20,18, BM-019, BM-005, WM-009,27,0,2,0,0,11,1
15,9509,1,7,19,18,20,20,20,20,19, BM-010, BM-015, WM-017,27,0,2,0,0,9,1
15,9556,0,2,6,15,12,12,14,7,10, LM-201, BM-004, WM-002,30,0,3,0,0,1,1
15,10271,0,3,11,10,10,12,10,7,10, LM-210, BM-018, WM-013,33,0,3,0,0,2,0
15,10484,0,1,11,14,17,15,13,12,14, WM-011, BM-011, WM-011,29,0,1,0,0,2,0
15,10509,0,7,19,18,16,16,20,17,16, BM-013, BM-016, WM-019,25,0,2,0,1,3,1
15,10660,1,2,8,2,3,6,5,4,2, LM-200, BM-003, WM-006,23,0,3,0,0,0,0
15,10871,0,1,2,4,2,2,2,2,2, WF-026, BF-027, WF-026,43,1,1,0,0,0,0
15,10894,0,4,14,16,15,18,17,17,18, BM-011, BM-017, WM-012,33,0,2,0,0,3,1
16,67,1,8,20,20,20,19,20,20,17, BM-011, BM-017, WM-012,35,0,2,1,0,13,1
16,533,1,5,3,2,2,4,2,2,1, BF-001, BF-001, WF-001,23,1,2,0,0,0,1
16,640,1,7,6,2,7,4,6,9,7, BM-036, BM-009, WM-001,20,0,2,0,0,0,1
16,646,1,1,5,6,6,7,3,5,2, LM-204, BM-034, WM-221,48,0,3,0,0,1,0
16,654,0,1,4,4,3,0,3,2,1, WM-002, BM-011, WM-011,33,0,1,0,0,0,1
16,692,1,5,17,18,17,18,19,20,17, BM-018, BM-020, WM-014,29,0,2,0,0,3,1
16,1729,1,2,6,6,10,7,8,5,5, BM-025, BM-012, WM-018,39,0,2,0,0,1,0
16,1787,0,5,5,5,7,7,3,2,4, BM-003, BM-010, WM-010,24,0,2,0,0,0,1
16,2054,0,2,2,5,4,7,4,8,4, WM-006, BM-002, WM-004,25,0,1,0,0,0,1
16,2262,1,3,5,2,3,3,3,3,2, BM-015, BM-013, WM-015,23,0,2,0,0,0,0
16,2291,0,1,1,2,6,5,2,3,5, empty,NA,NA,72,0,1,0,0,1,0
16,2382,1,6,20,20,19,19,20,18,18, empty,NA,NA,58,0,2,0,0,24,1
16,2874,1,2,10,15,17,12,14,17,16, BM-004, BM-004, WM-002,33,0,2,0,0,2,0
16,2914,0,9,4,12,12,13,8,11,7, BM-020, BM-011, WM-011,29,0,2,0,0,1,1
16,3438,1,6,3,3,3,6,3,5,0, WM-010, BM-015, WM-017,26,0,1,0,0,0,0
16,3674,0,2,1,2,0,4,0,1,1, BF-009, BF-010, WF-018,32,1,2,0,0,0,1
16,4112,0,3,13,13,14,13,13,9,10, BM-009, BM-009, WM-001,21,0,2,0,0,1,1
16,4408,0,1,17,17,17,19,18,19,18, BM-033, BM-025, WM-201,42,0,2,0,0,3,1
16,4518,1,3,19,18,20,20,20,17,19, BM-005, BM-001, WM-003,24,0,2,0,0,5,1
16,4534,0,2,2,0,4,2,0,2,1, BF-007, BF-009, WF-008,32,1,2,0,0,0,0
16,4641,0,4,3,7,7,4,6,9,2, WF-008, BF-015, WF-033,35,1,1,0,0,1,0
16,4873,1,6,18,18,16,17,17,17,16, BF-003, BF-003, WF-003,27,1,2,0,0,4,1
16,5650,0,4,20,19,19,19,19,20,20, BM-013, BM-010, WM-010,28,0,2,0,0,5,1
16,5655,0,3,2,2,2,2,1,2,0, WF-001, BF-001, WF-001,25,1,1,0,0,0,0
16,5793,1,3,9,13,14,13,13,13,9, BF-024, BF-024, WF-014,36,1,2,0,0,1,1
16,6043,0,3,12,16,12,14,11,10,16, WM-248, BM-213, WM-248,50,0,1,0,0,3,1
16,6264,0,10,5,1,2,2,2,1,3, BF-011, BF-007, WF-002,29,1,2,0,0,0,1
16,6278,0,2,2,2,5,5,5,4,3, BF-010, BF-011, WF-023,30,1,2,0,0,0,1
16,6432,0,5,15,20,15,20,15,16,16, WF-014, BF-024, WF-014,42,1,1,0,0,3,1
16,6481,0,4,1,1,3,1,3,2,1, BF-004, BF-004, WF-005,23,1,2,0,0,0,0
16,6503,1,2,9,5,10,8,11,6,5, LM-215, BM-021, WM-023,37,0,3,0,0,1,1
16,6791,0,1,17,17,12,17,16,19,18, empty,NA,NA,57,0,2,0,0,3,1
16,6875,0,8,12,9,12,10,12,9,8, WM-003, BM-002, WM-004,22,0,1,0,0,0,1
16,7037,1,10,19,20,20,18,20,20,19, BM-001, BM-001, WM-003,26,0,2,0,1,6,1
16,7051,0,1,3,4,4,6,7,3,2, empty,NA,NA,56,0,2,0,0,1,1
16,7738,0,2,14,14,11,14,13,9,11, WM-011, BM-004, WM-002,32,0,1,0,0,2,1
16,7903,0,1,1,1,2,1,1,2,1, BF-203, BF-203, WF-221,52,1,2,0,0,0,0
16,7948,0,6,3,1,1,3,2,3,2, BM-002, BM-003, WM-006,27,0,2,0,0,0,1
16,8479,1,4,17,17,14,15,17,15,15, BM-034, BM-225,NA,47,0,2,0,0,4,1
16,8560,0,1,12,17,14,15,12,15,12, WM-223, BM-212, WM-223,47,0,1,0,0,2,0
16,8724,1,9,20,19,19,20,20,20,18, BM-021, BM-021, WM-023,42,0,2,1,0,7,1
16,8867,0,10,18,19,17,17,16,17,18, WM-009, BM-005, WM-009,24,0,1,0,0,6,1
16,9072,1,7,15,14,16,16,15,15,17, BM-012, BM-012, WM-018,37,0,2,0,0,4,0
16,9106,1,2,18,20,18,18,18,18,20, WF-002, BF-007, WF-002,32,1,1,0,0,2,1
16,9506,1,9,3,2,4,5,4,4,1, BM-010, BM-003, WM-006,24,0,2,0,0,0,0
16,9632,0,1,7,13,12,12,15,10,12, WM-221, BM-034, WM-221,46,0,1,0,0,1,1
16,9914,1,4,20,20,19,18,19,20,18, WM-004, BM-005, WM-009,23,0,1,0,1,4,0
16,9942,0,1,1,1,5,1,2,5,3, LM-203, BM-212, WM-223,46,0,3,0,0,0,1
16,10626,0,1,1,0,2,3,2,1,3, WM-249, BM-218, WM-249,46,0,1,0,0,0,1
16,10659,1,10,19,19,20,19,20,18,17, BM-017, BM-018, WM-013,30,0,2,0,1,18,1
17,156,1,6,19,20,17,19,17,19,20, WM-003, BM-001, WM-003,24,0,1,0,1,8,1
17,222,0,1,3,3,2,0,2,4,2, WF-014, BF-024, WF-014,43,1,1,0,0,0,0
17,446,0,6,3,4,6,2,5,3,1, BF-002, BF-002, WF-022,21,1,2,0,0,0,0
17,1004,1,6,13,10,16,16,16,16,16, LM-206, BM-002, WM-004,23,0,3,0,0,2,0
17,1153,1,8,17,15,13,13,15,12,17, WF-022, BF-013, WF-027,20,1,1,0,0,1,1
17,1329,1,8,16,17,15,17,16,20,17, WM-010, BM-010, WM-010,22,0,1,0,1,1,1
17,1526,0,4,18,20,20,20,17,18,20, BM-025, BM-021, WM-023,36,0,2,0,0,5,1
17,1562,0,3,4,2,4,6,3,4,4, LM-200, BM-001, WM-003,26,0,3,0,0,0,1
17,1795,0,6,9,4,7,9,6,6,8, LF-201, BF-001, WF-001,22,1,3,0,0,0,1
17,2153,1,8,18,17,18,19,17,18,20, BM-002, BM-010, WM-010,22,0,2,0,0,3,1
17,2211,1,7,17,20,19,19,19,19,19, BM-005, BM-015, WM-017,24,0,2,0,0,5,1
17,2410,0,4,10,15,14,14,17,16,14, LF-200, BF-007, WF-002,33,1,3,0,0,2,0
17,2448,1,8,9,11,6,10,9,10,9, BM-036, BM-037, WM-025,21,0,2,0,0,0,1
17,2514,1,9,20,19,20,20,18,20,19, BM-004, BM-011, WM-011,35,0,2,0,1,23,1
17,2618,1,9,19,19,20,19,18,19,20, BM-020, BM-017, WM-012,34,0,2,0,0,27,1
17,2767,1,1,10,9,12,8,14,4,9, empty,NA,NA,67,0,1,0,0,2,0
17,2772,1,8,17,16,15,15,18,16,18, BM-015, BM-005, WM-009,23,0,2,0,0,2,0
17,2820,0,1,2,2,2,2,4,0,2, empty,NA,NA,66,0,1,0,0,0,0
17,2930,1,10,20,20,19,20,19,18,20, BM-017, BM-004, WM-002,29,0,2,0,0,10,0
17,3229,0,5,14,17,16,14,16,15,15, WM-004, BM-002, WM-004,26,0,1,0,0,2,1
17,3444,1,2,6,6,7,6,9,3,6, WM-023, BM-033, WM-220,44,0,1,0,0,0,1
17,3676,0,5,10,8,10,9,11,11,11, BM-212, BM-212, WM-223,50,0,2,0,0,1,1
17,3941,0,3,1,3,2,2,5,2,1, WM-018, BM-025, WM-201,37,0,1,0,0,0,0
17,4421,1,2,19,19,20,18,17,19,18, BF-203, BF-203, WF-221,53,1,2,0,0,10,1
17,4596,1,1,0,3,2,2,3,0,2, BM-034, BM-034, WM-221,52,0,2,0,0,0,0
17,4634,1,4,4,6,3,3,5,3,4, WM-009, BM-003, WM-006,27,0,1,0,0,0,0
17,5123,1,3,20,19,17,19,18,17,19, BM-018, BM-011, WM-011,31,0,2,0,0,3,1
17,5349,1,10,10,7,8,10,9,9,5, WM-001, BM-009, WM-001,20,0,1,0,0,0,1
17,5515,0,1,3,7,7,5,5,3,6, BM-012, BM-012, WM-018,45,0,2,0,0,1,0
17,5818,0,5,5,5,4,5,6,4,7, BM-013, BM-019, WM-026,23,0,2,0,0,0,1
17,6056,1,8,19,20,20,20,20,19,20, WM-002, BM-004, WM-002,31,0,1,0,0,17,1
17,6606,0,5,2,2,2,3,5,2,4, BM-021, BM-012, WM-018,43,0,2,0,0,0,1
17,6818,1,4,2,0,1,1,2,0,1, WF-221, BF-203, WF-221,51,1,1,0,0,0,0
17,6911,1,4,4,0,6,4,3,3,4, LM-207, BM-009, WM-001,20,0,3,0,0,0,0
17,6939,0,1,9,12,9,13,10,14,13, empty,NA,NA,62,0,1,0,0,2,1
17,7455,0,7,12,10,15,11,10,12,12, BM-010, BM-016, WM-019,22,0,2,0,0,0,1
17,7615,0,1,3,1,3,5,6,3,3, BM-011, BM-018, WM-013,34,0,2,0,0,0,1
17,8191,0,4,9,3,5,6,7,2,3, BM-037, BM-036, WM-024,21,0,2,0,0,0,1
17,8416,0,3,9,12,12,9,10,12,13, BF-001, BF-001, WF-001,24,1,2,0,0,0,1
17,8703,0,1,3,6,5,3,3,1,2, empty,NA,NA,61,1,1,0,0,0,1
17,8747,1,9,18,20,17,20,19,19,19, WM-006, BM-005, WM-009,25,0,1,0,0,5,1
17,8970,1,1,2,2,2,0,2,2,0, empty,NA,NA,69,0,1,0,0,0,0
17,9170,0,1,10,12,9,10,11,12,12, WM-221, BM-034, WM-221,52,0,1,0,0,1,1
17,9662,0,3,13,16,11,15,15,17,15, empty,NA,NA,56,0,1,0,0,3,0
17,10010,1,9,4,6,5,4,7,6,6, BM-009, BM-036, WM-024,21,0,2,0,0,0,1
17,10536,1,9,19,18,20,20,18,18,20, BM-001, BM-003, WM-006,26,0,2,0,0,8,1
17,10577,1,2,3,7,5,4,7,4,6, empty,NA,NA,59,0,1,0,0,0,0
17,10851,1,3,12,14,13,15,14,20,18, BF-007, BF-007, WF-002,29,1,2,0,0,2,1
17,10920,0,5,16,17,18,20,16,18,16, WM-011, BM-017, WM-012,34,0,1,0,0,4,1
17,10997,0,3,3,3,0,0,2,3,2, BM-003, BM-013, WM-015,23,0,2,0,0,0,1
18,154,1,1,4,6,5,0,2,2,1, WF-026, BF-024, WF-014,39,1,1,0,0,0,1
18,319,1,1,15,20,17,19,15,15,16, empty,NA,NA,56,0,1,0,0,7,1
18,364,0,3,7,3,7,8,1,7,5, BM-016, BM-023, WM-028,25,0,2,0,0,0,1
18,400,1,4,4,2,4,3,1,2,2, BF-001, BF-001, WF-001,23,1,2,0,0,0,1
18,947,0,10,17,20,19,15,16,16,15, WF-001, BF-001, WF-001,23,1,1,0,0,3,1
18,1397,0,9,5,5,7,9,8,9,8, empty,NA,NA,63,0,2,0,0,3,0
18,1553,1,1,3,5,8,4,1,5,7, LM-203, BM-212, WM-223,51,0,3,0,0,0,1
18,2053,0,7,6,2,3,6,2,2,1, BM-001, BM-001, WM-003,23,0,2,0,0,0,0
18,2149,1,1,2,2,2,0,3,1,2, BM-020, BM-004, WM-002,33,0,2,0,0,0,1
18,2206,0,7,13,7,8,6,11,8,4, BM-022, BM-011, WM-011,30,0,2,0,0,2,0
18,2216,0,2,11,8,7,7,11,10,12, BM-012, BM-021, WM-023,44,0,2,0,0,2,1
18,2515,0,10,20,20,20,19,20,20,18, BM-019, BM-002, WM-004,28,0,2,2,1,11,1
18,2613,0,1,4,6,5,5,6,1,6, WM-221, BM-034, WM-221,46,0,1,0,0,0,1
18,2723,1,6,17,15,16,16,15,17,20, BM-002, BM-002, WM-004,25,0,2,0,0,4,1
18,2794,1,4,16,18,20,18,17,19,19, WM-003, BM-016, WM-019,27,0,1,0,1,4,0
18,2843,0,1,1,1,2,3,3,0,1, WM-201, BM-021, WM-023,39,0,1,0,0,0,0
18,2943,0,1,4,4,9,7,4,3,3, WM-220, BM-025, WM-201,42,0,1,0,0,0,1
18,3847,1,7,18,16,18,18,13,17,19, BM-005, BM-010, WM-010,22,0,2,1,0,2,1
18,4164,0,4,15,19,18,18,16,19,19, WF-014, BF-024, WF-014,40,1,1,0,0,4,1
18,4368,1,4,14,8,9,9,12,15,13, LM-200, BM-005, WM-009,22,0,3,0,0,1,1
18,4719,0,1,2,2,2,1,4,1,2, WM-002, BM-017, WM-012,29,0,1,0,0,0,0
18,4820,1,8,18,19,19,18,17,19,18, empty,NA,NA,62,0,2,0,0,13,1
18,4971,1,7,18,20,17,18,17,16,19, BM-009, BM-009, WM-001,19,0,2,0,1,2,1
18,5646,1,6,18,20,18,19,19,17,19, BM-023, BM-013, WM-015,23,0,2,0,0,6,1
18,5801,1,3,17,15,18,17,16,14,18, WM-223, BM-034, WM-221,51,0,1,0,0,6,1
18,6537,1,4,16,16,19,17,18,15,17, WM-009, BM-005, WM-009,26,0,1,0,0,4,1
18,6766,1,8,20,20,19,20,20,19,20, BM-004, BM-004, WM-002,29,0,2,0,1,8,1
18,6963,0,2,13,12,12,12,13,12,12, WF-221, BF-203, WF-221,49,1,1,0,0,2,1
18,7269,0,1,2,0,2,0,3,1,0, empty,NA,NA,57,1,1,0,0,0,0
18,7411,0,9,18,20,20,19,18,19,18, BM-018, BM-020, WM-014,30,0,2,0,0,5,0
18,7930,1,5,18,20,18,19,18,19,18, WM-004, BM-001, WM-003,22,0,1,0,0,5,0
18,8041,1,4,17,20,19,20,17,18,17, LM-206, BM-010, WM-010,27,0,3,0,0,6,1
18,8111,1,8,19,18,19,18,16,17,17, BM-024, BM-015, WM-017,27,0,2,0,0,4,1
18,8205,1,2,3,2,5,5,4,4,3, WM-018, BM-012, WM-018,41,0,1,0,0,0,1
18,8358,0,6,6,3,2,3,1,3,3, BF-002, BF-002, WF-022,21,1,2,0,0,0,1
18,8501,1,10,19,20,20,20,20,20,20, BM-011, BM-011, WM-011,33,0,2,0,0,14,1
18,8518,1,10,13,10,10,13,13,8,11, BM-036, BM-009, WM-001,21,0,2,0,0,1,1
18,8641,0,1,1,1,4,1,3,3,5, empty,NA,NA,77,0,1,0,0,1,0
18,8832,1,5,19,15,18,15,16,16,19, BM-013, BM-015, WM-017,24,0,2,0,0,2,1
18,9216,0,1,0,0,2,0,1,0,1, empty,NA,NA,66,0,1,0,0,0,0
18,9219,0,7,20,19,20,20,19,20,18, BM-003, BM-003, WM-006,28,0,2,0,0,7,0
18,9235,0,1,1,2,7,3,5,5,8, empty,NA,NA,56,0,1,0,0,1,1
18,9277,0,3,1,1,2,1,2,1,1, BF-003, BF-003, WF-003,27,1,2,0,0,0,0
18,9283,1,1,16,18,19,18,18,15,18, WM-023, BM-012, WM-018,40,0,1,0,0,5,1
18,9636,1,10,20,20,20,20,20,20,20, BM-032, BM-018, WM-013,30,0,2,0,2,13,1
18,9868,0,10,7,2,7,5,8,5,3, BM-029, BM-017, WM-012,32,0,2,0,0,1,0
18,10645,0,7,1,2,3,1,2,3,5, BM-017, BM-018, WM-013,31,0,2,0,0,0,1
18,10841,1,1,0,1,3,1,2,2,2, BM-010, BM-013, WM-015,27,0,2,0,0,0,0
18,10899,1,5,19,19,19,20,20,18,19, WM-006, BM-003, WM-006,25,0,1,0,0,7,0
18,10946,0,5,11,4,7,3,7,8,6, BM-015, BM-019, WM-026,27,0,2,0,0,1,0
19,101,1,1,15,16,14,16,13,13,14, LM-215, BM-021, WM-023,45,0,3,0,0,6,1
19,320,0,9,19,20,20,20,20,19,20, BM-021, BM-025, WM-201,38,0,2,0,0,15,1
19,787,0,4,20,18,19,19,19,19,20, LM-201, BM-004, WM-002,30,0,3,0,0,7,0
19,837,1,6,4,9,7,10,8,3,6, WM-248, BM-213, WM-248,46,0,1,0,0,2,1
19,1146,1,7,18,17,18,19,19,13,13, BM-001, BM-002, WM-004,26,0,2,0,0,4,1
19,1240,0,10,19,20,20,20,19,19,19, BM-022, BM-011, WM-011,29,0,2,0,1,16,1
19,1343,1,6,18,17,14,20,15,9,11, LM-200, BM-001, WM-003,24,0,3,0,0,3,1
19,1532,0,1,1,3,3,4,3,4,4, empty,NA,NA,59,0,3,0,0,1,0
19,1576,1,8,17,17,20,18,18,19,19, BM-012, BM-012, WM-018,42,0,2,1,0,13,0
19,2076,1,10,15,16,16,17,16,11,17, BM-018, BM-018, WM-013,30,0,2,0,0,7,1
19,2100,0,1,1,3,1,1,1,3,2, WM-023, BM-021, WM-023,44,0,1,0,0,0,0
19,2128,1,3,13,12,17,14,15,17,17, BM-024, BM-023, WM-028,26,0,2,0,0,3,1
19,2329,1,10,19,19,20,20,20,19,19, BM-002, BM-005, WM-009,25,0,2,0,4,14,1
19,2504,1,2,3,4,2,3,1,5,5, WM-010, BM-016, WM-019,22,0,1,0,0,0,0
19,2589,0,4,17,19,16,19,19,19,18, LF-200, BF-007, WF-002,34,1,3,0,0,5,1
19,2809,0,3,6,3,0,1,3,1,2, BM-010, BM-015, WM-017,23,0,2,0,0,0,1
19,3019,1,2,1,1,0,0,2,2,1, WM-249, BM-034, WM-221,50,0,1,0,0,0,0
19,3656,0,9,1,0,0,0,1,1,1, BM-016, BM-003, WM-006,22,0,2,0,0,0,0
19,3751,1,10,17,20,19,19,20,18,20, BM-025, BM-033, WM-220,41,0,2,2,0,18,0
19,3788,0,4,6,3,6,7,2,5,2, WM-018, BM-044, WM-225,39,0,1,0,0,0,1
19,4692,0,1,6,1,0,1,0,2,2, WM-223, BM-212, WM-223,47,0,1,0,0,0,0
19,4833,0,5,14,14,16,14,15,15,16, WM-004, BM-005, WM-009,25,0,1,0,0,2,1
19,5177,1,1,10,10,10,10,12,11,15, LM-228, BM-044, WM-225,37,0,3,0,0,3,0
19,5669,1,8,19,20,20,20,20,19,19, BM-004, BM-004, WM-002,32,0,2,0,0,17,1
19,5754,1,4,19,20,20,19,20,18,19, BM-020, BM-020, WM-014,34,0,2,0,0,13,1
19,5760,0,1,2,2,0,0,1,5,4, WM-201, BM-025, WM-201,38,0,1,0,0,0,0
19,5825,1,9,18,20,19,20,19,19,19, BM-013, BM-001, WM-003,24,0,2,0,0,11,1
19,6094,1,10,17,19,20,19,18,19,18, WM-002, BM-022, WM-016,30,0,1,0,0,7,1
19,6267,1,1,1,0,1,0,0,2,2, WF-221, BF-203, WF-221,51,1,1,0,0,0,0
19,6389,1,7,15,19,18,19,17,19,18, WF-002, BF-009, WF-008,29,1,1,0,0,6,1
19,6420,1,9,19,17,19,18,17,18,19, BM-019, BM-013, WM-015,24,0,2,0,1,9,0
19,6744,1,10,14,18,11,15,16,14,15, BM-015, BM-002, WM-004,25,0,2,0,1,3,0
19,6805,1,3,5,6,5,6,4,3,3, BM-003, BM-010, WM-010,22,0,2,0,0,0,1
19,7084,0,5,2,6,1,5,4,5,10, WF-001, BF-001, WF-001,24,1,1,0,0,0,1
19,7231,0,7,9,10,11,9,11,10,14, BM-033, BM-012, WM-018,37,0,2,0,0,3,0
19,7298,0,2,2,3,3,7,9,1,2, BF-024, BF-024, WF-014,42,1,2,0,0,1,1
19,7334,1,10,19,18,20,20,19,20,20, BM-023, BM-019, WM-026,26,0,2,0,1,24,1
19,7631,1,5,8,7,7,8,4,9,8, WM-006, BM-010, WM-010,22,0,1,0,0,0,1
19,8149,0,3,15,16,17,15,17,16,16, WM-009, BM-015, WM-017,27,0,1,0,0,3,0
19,8530,0,1,2,2,0,0,3,3,5, LM-226, BM-033, WM-220,45,0,3,0,0,0,1
19,9221,1,7,14,16,18,18,20,12,14, WM-003, BM-003, WM-006,22,0,1,0,0,3,1
19,10277,0,7,19,20,19,18,20,19,17, BM-011, BM-011, WM-011,30,0,2,0,1,14,1
19,10302,0,2,15,15,17,17,16,16,18, empty,NA,NA,61,0,2,0,0,14,0
19,10334,1,6,3,2,0,1,2,5,3, BM-009, BM-009, WM-001,20,0,2,0,0,0,1
19,10336,1,8,15,17,16,16,15,10,10, BM-017, BM-017, WM-012,29,0,2,1,0,3,0
19,10383,1,9,20,19,20,18,18,17,19, BM-005, BM-013, WM-015,27,0,2,0,0,10,1
19,10412,0,1,2,2,1,1,2,2,2, WM-221, BM-034, WM-221,49,0,1,0,0,0,1
19,10544,0,1,1,0,0,0,1,2,1, empty,NA,NA,67,0,1,0,0,0,0
19,10673,1,7,19,15,19,20,20,19,18, BF-007, BF-007, WF-002,29,1,2,0,1,7,1
19,10699,1,10,18,19,20,20,20,18,20, empty,NA,NA,57,0,2,0,0,28,1
20,173,1,5,15,19,19,17,19,19,16, BM-017, BM-020, WM-014,33,0,2,0,0,5,1
20,203,0,2,2,3,2,0,0,1,1, BF-004, BF-004, WF-005,24,1,2,0,0,0,0
20,1215,0,1,2,1,0,1,0,1,1, empty,NA,NA,83,0,3,0,0,0,0
20,1216,0,6,9,12,16,11,12,12,10, WM-010, BM-016, WM-019,28,0,1,0,0,2,1
20,1283,1,9,15,15,13,12,14,11,9, BM-009, BM-009, WM-001,21,0,2,0,1,1,1
20,1331,1,10,19,19,20,19,20,19,19, BM-002, BM-003, WM-006,23,0,2,0,3,6,1
20,1670,1,6,6,8,14,8,7,7,10, BM-019, BM-015, WM-017,23,0,2,0,0,1,1
20,2310,0,2,12,15,18,13,17,18,17, BM-003, BM-010, WM-010,28,0,2,0,0,3,1
20,2507,0,6,15,20,15,16,18,17,19, BM-015, BM-010, WM-010,28,0,2,0,0,5,0
20,2934,1,3,6,9,10,7,10,6,13, BM-016, BM-013, WM-015,25,0,2,0,0,1,1
20,3205,0,1,9,9,13,12,11,9,8, WM-221, BM-213, WM-248,49,0,1,0,0,2,0
20,3236,1,10,19,20,20,19,20,20,19, BM-020, BM-011, WM-011,29,0,2,0,0,12,1
20,3273,1,9,11,13,16,7,11,9,11, BM-036, BM-036, WM-024,21,0,2,0,0,1,1
20,3285,1,5,17,14,17,17,19,18,19, BM-034, BM-212, WM-223,46,0,2,0,0,5,1
20,3511,0,3,5,5,4,3,2,3,3, WM-003, BM-002, WM-004,23,0,1,0,0,0,1
20,3679,1,3,8,11,9,6,7,7,8, WF-221, BF-203, WF-221,47,1,1,0,0,0,0
20,3869,0,4,4,3,2,1,2,2,2, BM-005, BM-013, WM-015,26,0,2,0,0,0,0
20,3919,1,5,12,12,16,15,17,12,12, AM-215, BM-034, WM-221,46,0,4,0,0,3,1
20,4536,0,1,4,6,8,7,3,5,5, WF-026, BF-024, WF-014,44,1,1,0,0,1,1
20,4553,0,3,8,8,8,7,7,10,7, LM-202, BM-017, WM-012,34,0,3,0,0,2,0
20,4774,0,1,3,3,1,0,2,1,2, empty,NA,NA,61,0,1,0,0,0,0
20,4809,1,7,17,18,19,20,17,18,19, WF-014, BF-024, WF-014,39,1,1,0,0,8,1
20,5001,1,2,4,5,2,3,3,2,0, BM-023, BM-019, WM-026,23,0,2,0,0,0,0
20,5103,0,9,19,19,19,19,20,20,19, LM-201, BM-018, WM-013,30,0,3,0,0,7,1
20,5297,1,8,19,18,18,20,19,20,19, BF-007, BF-007, WF-002,30,1,2,0,0,15,0
20,5877,0,9,17,19,19,16,19,20,19, BM-018, BM-004, WM-002,35,0,2,0,1,8,1
20,5997,0,6,10,11,13,12,14,11,10, WM-006, BM-003, WM-006,24,0,1,0,0,1,1
20,6315,1,3,17,18,17,18,19,16,19, BM-011, BM-017, WM-012,30,0,2,0,0,9,1
20,6391,1,8,9,7,13,9,11,10,12, BM-013, BM-002, WM-004,24,0,2,0,0,2,0
20,6788,0,3,14,16,17,19,18,17,20, empty,NA,NA,61,0,2,0,0,12,1
20,7023,0,5,12,11,13,14,13,12,12, WM-004, BM-005, WM-009,25,0,1,0,0,2,1
20,7153,0,4,5,5,2,3,2,2,1, BM-037, BM-009, WM-001,21,0,2,0,0,0,0
20,7722,1,9,18,18,20,16,19,17,17, BF-005, BF-001, WF-001,23,1,2,0,0,3,1
20,7923,1,7,10,15,16,15,12,18,19, empty,NA,NA,68,0,1,0,0,7,1
20,7945,0,2,13,16,13,14,16,14,13, WM-017, BM-026, WM-032,26,0,1,0,0,2,1
20,7975,1,10,18,18,20,20,20,20,19, WM-015, BM-024, WM-031,23,0,1,8,2,11,1
20,8207,1,2,15,14,13,17,17,17,17, WM-002, BM-004, WM-002,31,0,1,0,0,3,0
20,8876,0,3,20,19,19,18,19,20,19, BM-022, BM-018, WM-013,29,0,2,0,0,7,1
20,9165,0,9,6,5,5,3,2,2,1, BM-010, BM-001, WM-003,26,0,2,0,0,0,1
20,9337,0,5,5,6,6,5,3,7,9, WM-201, BM-025, WM-201,44,0,1,0,0,1,1
20,9442,1,8,4,13,10,6,6,9,5, BM-001, BM-001, WM-003,25,0,2,0,0,1,1
20,9473,0,7,19,19,20,20,20,19,20, BM-012, BM-012, WM-018,38,0,2,0,0,14,1
20,9581,0,3,8,5,3,3,0,1,3, BF-003, BF-003, WF-003,23,1,2,0,0,0,1
20,9875,1,1,15,19,17,18,17,18,15, BM-004, BM-011, WM-011,31,0,2,0,1,3,1
20,10012,1,6,14,15,17,15,13,17,15, BF-001, BF-001, WF-001,24,1,2,0,0,2,1
20,10068,0,4,6,7,2,3,2,3,2, WM-009, BM-005, WM-009,22,0,1,0,0,0,1
20,10289,1,8,7,11,5,4,8,3,3, WM-023, BM-021, WM-023,36,0,1,0,0,0,1
20,10377,0,1,6,5,1,7,3,2,5, WM-018, BM-012, WM-018,41,0,1,0,0,0,1
20,10394,0,1,3,3,1,0,1,1,0, BM-029, BM-020, WM-014,30,0,2,0,0,0,0
20,10720,1,6,8,10,11,6,7,7,8, BM-024, BM-023, WM-028,22,0,2,0,0,1,0
