block_id,def_id,ground_truth,compas_score,study1_condition1,study1_condition2,study1_condition3,study1_condition4,def_age,def_gender,def_race,def_juv_fel,def_juv_misd,def_priors,def_charge_degree
1,61,0,2,18,20,19,20,51,1,2,0,0,7,1
1,855,0,1,1,5,3,6,38,0,2,0,0,0,1
1,921,0,7,9,9,5,8,30,0,2,0,0,1,0
1,1022,0,1,1,3,3,0,31,1,2,0,0,0,0
1,1024,0,2,9,8,9,5,27,0,2,0,0,0,0
1,1441,1,5,6,11,6,6,30,0,2,0,0,1,0
1,1443,1,5,6,7,4,3,45,0,2,0,0,0,1
1,1642,0,6,7,14,9,8,29,0,1,0,0,1,0
1,1733,0,7,17,19,20,20,52,1,1,0,0,6,0
1,1741,1,6,20,18,19,18,24,0,2,0,0,5,1
1,2182,1,6,12,13,9,13,26,1,2,0,0,1,1
1,2393,0,3,8,9,7,7,22,0,2,0,0,0,1
1,2719,1,4,9,14,10,11,23,0,2,0,0,1,1
1,2910,0,4,5,1,0,2,42,0,1,0,0,0,0
1,3115,0,4,18,20,20,20,40,1,2,0,0,7,0
1,3398,1,10,18,20,20,19,21,0,2,1,2,3,1
1,3635,0,4,15,17,15,14,24,1,2,0,0,2,1
1,3732,0,1,7,8,8,6,26,0,2,0,0,1,0
1,3957,0,2,5,15,7,7,24,0,3,0,0,1,0
1,4105,1,9,20,17,19,20,33,0,1,0,0,7,1
1,4766,1,9,17,20,16,16,26,0,1,0,0,2,1
1,4767,0,2,15,19,16,18,39,0,1,0,0,3,1
1,4841,0,1,0,0,2,0,55,0,1,0,0,0,0
1,5438,1,10,12,18,14,12,20,0,2,0,0,1,1
1,5557,1,4,5,5,8,6,51,0,2,0,0,0,0
1,5593,1,4,19,19,20,18,37,0,1,0,0,4,0
1,5647,1,1,0,1,1,1,42,1,2,0,0,0,0
1,6064,0,2,0,3,3,1,31,1,1,0,0,0,0
1,7324,0,1,3,3,3,4,30,0,1,0,0,0,1
1,7412,1,2,2,4,5,3,28,0,1,0,0,0,1
1,7652,1,8,19,19,19,18,25,0,2,0,0,8,1
1,7678,1,7,20,19,19,20,28,0,2,0,2,7,1
1,8104,0,6,19,19,20,19,42,1,2,0,0,16,1
1,8141,0,4,2,2,0,0,21,0,1,0,0,0,1
1,8267,1,3,16,16,18,15,46,0,2,0,0,3,1
1,8307,0,6,14,15,18,18,53,1,2,0,0,5,1
1,8517,1,3,6,5,5,2,23,0,2,0,0,0,0
1,8613,0,2,16,15,10,14,33,0,1,0,0,2,0
1,8827,0,3,20,20,18,19,26,0,3,0,0,5,1
1,8938,0,5,2,0,1,2,48,1,2,0,0,0,0
1,9295,0,2,15,17,14,16,30,0,3,0,0,2,1
1,9435,0,5,20,18,17,17,24,0,1,0,0,3,1
1,9501,0,1,1,2,2,2,45,0,3,0,0,0,0
1,9644,0,6,4,8,2,3,22,0,2,0,0,0,0
1,9924,1,3,8,10,8,10,29,0,1,0,0,0,1
1,10011,1,3,16,16,15,14,45,0,2,0,0,4,0
1,10044,1,2,1,4,3,0,34,0,1,0,0,0,0
1,10307,0,6,20,20,18,19,31,0,2,2,0,6,1
1,10406,0,7,14,15,15,16,43,0,2,0,0,2,1
1,10452,0,1,2,1,0,2,44,1,2,0,0,0,1
2,282,1,4,17,20,17,19,45,0,1,0,0,8,0
2,375,0,2,17,17,19,18,30,0,1,0,0,4,1
2,408,0,3,9,7,8,12,22,1,1,0,0,1,1
2,726,1,6,14,16,17,16,34,0,1,0,0,4,1
2,794,1,5,18,20,19,19,29,0,2,0,0,5,1
2,838,0,3,5,3,6,4,44,0,2,0,0,1,0
2,913,1,8,17,16,18,16,31,0,2,0,0,3,0
2,1066,0,2,9,12,12,11,40,0,1,0,0,1,1
2,1103,0,8,6,7,5,5,22,0,2,0,0,0,1
2,1195,0,7,11,14,17,16,37,1,2,0,0,3,1
2,1361,1,3,16,16,18,18,27,0,2,0,0,5,0
2,1490,1,4,14,19,16,15,30,0,2,0,0,4,0
2,1941,0,1,1,4,3,2,28,0,2,0,0,0,0
2,2002,0,5,19,18,20,18,49,0,1,0,0,12,0
2,2034,0,2,9,11,13,13,37,0,1,0,0,2,1
2,2525,0,2,5,1,7,3,28,0,1,0,0,0,1
2,2703,0,7,12,12,11,12,51,0,2,0,0,3,1
2,3010,0,1,2,2,2,1,58,0,1,0,0,0,0
2,3248,1,1,10,16,19,16,70,0,1,0,0,11,1
2,3647,0,3,11,7,11,11,20,0,2,0,0,0,1
2,3854,1,3,14,15,11,13,22,0,2,0,0,1,1
2,4098,1,4,17,18,19,18,26,0,2,0,0,4,1
2,4161,1,1,0,2,2,1,54,0,2,0,0,0,0
2,4546,1,1,4,5,10,4,32,0,2,0,0,0,1
2,4629,1,1,3,2,2,1,55,0,1,0,0,0,0
2,4640,1,10,20,20,19,19,25,0,2,0,1,10,1
2,4860,0,2,2,4,4,4,24,1,2,0,0,0,0
2,4943,1,9,18,20,18,18,46,0,2,1,0,9,1
2,4977,1,7,20,20,20,19,39,0,1,6,1,17,1
2,4991,1,3,17,18,20,19,58,0,2,0,0,10,1
2,5049,0,2,1,2,4,3,26,1,1,0,0,0,0
2,5270,0,4,1,5,2,1,31,0,2,0,0,0,0
2,5500,0,4,10,14,18,15,72,0,1,0,0,7,1
2,5765,0,9,19,19,20,19,51,0,2,1,0,19,1
2,6189,0,2,3,5,5,7,46,1,1,0,0,1,1
2,6207,1,8,3,2,1,1,38,0,2,0,0,0,0
2,6240,0,1,4,8,5,4,50,0,2,0,0,0,1
2,6884,0,8,0,5,3,2,29,0,1,0,0,0,1
2,7032,0,2,7,6,2,6,58,1,1,0,0,1,0
2,7834,0,2,5,9,6,6,33,0,2,0,0,1,1
2,7897,1,5,2,2,5,4,24,1,1,0,0,0,0
2,7920,0,4,4,4,6,5,22,0,2,0,0,0,1
2,8046,1,10,19,19,20,19,27,0,2,0,0,13,1
2,8162,0,2,1,6,4,6,48,0,4,0,0,0,1
2,9407,0,7,19,20,20,19,40,0,2,0,0,20,1
2,9634,0,3,17,17,16,17,24,0,3,0,0,2,1
2,10220,0,3,4,10,8,11,24,0,2,0,0,1,1
2,10423,1,2,12,16,11,16,28,0,1,0,0,2,1
2,10502,0,1,3,3,3,0,31,0,1,0,0,0,1
2,10748,0,1,5,8,8,4,44,0,1,0,0,1,0
3,505,0,1,7,7,9,10,29,0,2,0,0,0,1
3,526,0,6,10,7,8,9,21,1,1,0,0,0,1
3,999,1,1,7,6,6,7,38,0,1,0,0,1,1
3,1159,0,1,3,2,3,1,53,1,2,0,0,0,1
3,1286,1,4,20,20,20,19,24,0,1,0,2,3,1
3,1833,0,3,2,5,3,4,24,0,4,0,0,0,1
3,2338,0,1,1,3,2,0,59,0,3,0,0,0,0
3,2572,1,5,12,19,17,16,28,1,2,0,0,2,1
3,2624,1,2,9,5,4,7,51,0,2,0,0,0,1
3,2685,0,5,7,7,5,2,21,1,2,0,0,0,1
3,2691,0,1,4,1,3,7,54,0,2,0,0,0,0
3,3234,0,1,20,20,20,19,39,0,1,0,0,8,1
3,3510,1,9,20,19,19,19,36,0,1,1,0,10,0
3,3768,0,1,5,8,6,5,36,1,2,0,0,1,0
3,4029,1,2,4,3,2,4,28,0,3,0,0,0,0
3,4082,1,5,2,6,2,6,24,0,1,0,0,0,1
3,4126,1,2,2,5,11,10,30,0,2,0,0,0,1
3,4426,0,2,4,7,1,2,43,1,1,0,0,0,0
3,4461,0,1,16,17,17,14,64,0,1,0,0,8,1
3,4620,0,2,6,9,9,8,41,0,1,0,0,0,1
3,4703,1,2,6,7,9,5,25,0,3,0,0,0,1
3,5213,0,2,15,18,20,17,33,0,3,0,0,3,0
3,5217,1,1,2,3,3,5,37,0,2,0,0,0,1
3,5352,1,2,5,3,2,3,24,0,2,0,0,0,0
3,5607,0,3,18,17,18,16,38,0,1,0,0,2,1
3,5614,1,8,15,18,18,17,33,0,2,0,0,2,1
3,5917,1,4,3,9,8,9,32,0,2,0,0,1,0
3,6314,1,6,7,8,6,10,20,0,1,0,0,0,1
3,6683,1,6,19,17,19,16,24,1,2,0,0,3,0
3,7010,1,3,17,15,20,17,54,0,2,0,0,4,1
3,7079,0,7,18,18,20,19,25,0,1,0,0,3,1
3,7170,0,5,8,8,12,11,22,0,1,0,0,0,1
3,7219,0,4,17,18,18,19,32,0,2,0,0,3,1
3,7224,1,3,12,9,13,11,24,0,2,0,0,1,1
3,7315,1,5,16,16,19,14,24,0,2,0,0,2,0
3,7416,0,1,14,18,15,17,26,0,3,0,0,2,0
3,7840,0,2,9,19,12,15,22,0,1,0,0,1,1
3,8099,0,1,3,3,2,3,28,0,1,0,0,0,0
3,8528,0,2,8,12,10,14,32,0,2,0,0,1,1
3,8909,0,1,5,3,2,1,46,0,1,0,0,0,0
3,9428,0,2,18,19,20,19,52,0,1,0,0,7,0
3,9690,0,2,5,3,6,8,26,1,2,0,0,0,0
3,9844,1,1,10,12,12,11,51,0,1,0,0,2,1
3,9889,0,6,18,18,20,20,35,0,2,0,0,9,1
3,10390,1,4,19,20,17,19,29,0,1,0,0,3,1
3,10448,1,4,16,20,19,19,48,0,2,0,0,11,0
3,10762,0,4,8,11,9,7,26,1,3,0,0,1,0
3,10783,0,1,1,1,1,1,66,0,1,0,0,0,0
3,10824,1,4,11,13,13,13,23,1,2,0,0,1,1
3,10919,1,6,19,19,19,20,35,0,2,0,0,12,0
4,42,1,8,15,19,16,17,32,0,2,0,0,4,1
4,685,1,10,15,15,14,14,46,1,2,0,0,2,1
4,853,0,3,15,14,15,12,50,0,2,0,0,3,0
4,1162,1,7,20,19,19,19,26,0,2,0,0,5,1
4,1166,1,9,17,19,16,17,27,0,2,0,0,4,1
4,1385,1,2,18,18,17,18,28,0,2,0,0,4,0
4,1856,0,4,11,13,9,11,21,0,1,0,0,1,1
4,2228,1,4,19,20,19,20,19,0,2,0,2,3,1
4,2773,1,7,18,19,20,19,49,1,2,0,0,14,0
4,3315,0,1,1,1,2,0,62,0,1,0,0,0,0
4,3738,0,9,18,20,19,19,28,0,1,0,0,14,1
4,3794,1,7,1,2,3,2,46,0,2,0,0,0,1
4,3848,1,8,20,19,20,20,26,0,2,0,0,5,1
4,4117,0,1,7,6,10,5,48,1,1,0,0,1,0
4,4193,0,1,3,2,5,1,44,0,3,0,0,0,0
4,4290,0,1,4,6,3,8,29,0,2,0,0,1,0
4,4558,0,1,4,1,4,2,33,0,1,0,0,0,1
4,5127,0,4,4,4,4,1,25,1,1,0,0,0,0
4,5449,0,3,10,10,10,10,32,0,1,0,0,1,1
4,5489,1,8,20,20,20,20,24,0,2,0,0,7,1
4,5830,0,4,20,18,18,17,25,0,1,0,0,2,1
4,5985,0,1,3,1,3,4,65,0,1,0,0,0,0
4,6171,0,1,7,8,5,3,45,1,2,0,0,1,1
4,6386,1,3,17,16,14,16,28,0,3,0,0,2,1
4,6546,0,8,17,17,15,15,28,0,3,0,0,2,1
4,7199,0,6,12,12,8,10,28,0,2,0,0,1,1
4,7437,1,10,18,18,19,20,29,1,1,0,0,20,1
4,7517,0,1,1,1,2,1,41,1,2,0,0,0,0
4,7830,1,5,17,15,14,14,31,1,2,0,0,2,1
4,8532,0,2,14,17,12,13,30,0,2,0,0,1,1
4,8924,1,4,10,7,7,8,27,0,2,0,0,1,1
4,9231,0,4,18,18,17,18,35,0,1,0,0,3,1
4,9242,0,1,3,6,6,5,38,0,1,0,0,0,1
4,9328,0,1,2,3,1,1,41,1,3,0,0,0,1
4,9336,0,4,17,18,18,20,26,0,2,0,0,5,1
4,9352,0,10,20,20,20,19,20,0,1,0,4,4,1
4,9399,1,3,16,16,18,14,43,0,3,0,0,3,0
4,9467,1,7,2,8,3,4,22,0,2,0,0,0,1
4,9586,1,5,3,2,3,2,22,1,2,0,0,0,0
4,9609,1,5,20,20,20,20,32,1,3,0,0,8,0
4,9686,0,4,0,6,5,4,24,0,2,0,0,0,1
4,9820,0,4,14,15,14,14,29,0,2,0,0,2,0
4,9919,0,4,0,3,2,3,32,0,2,0,0,0,0
4,9933,1,10,20,20,20,19,27,0,2,2,0,14,1
4,10137,0,7,3,2,2,3,32,0,2,0,0,0,1
4,10150,1,2,18,18,18,18,28,0,2,0,0,3,0
4,10591,1,5,16,19,19,18,40,0,1,0,0,4,1
4,10700,1,10,20,20,20,20,36,0,2,1,2,14,1
4,10709,0,1,2,0,2,1,74,0,1,0,0,0,0
4,10958,0,6,15,15,13,12,49,1,1,0,0,2,1
5,115,1,4,9,14,16,12,26,1,2,0,0,1,1
5,1044,0,5,17,20,18,19,36,0,2,0,1,4,0
5,1059,0,6,6,6,10,11,24,0,2,0,0,1,0
5,1130,1,5,20,20,20,20,30,0,1,0,0,22,1
5,1160,0,7,4,6,10,3,23,1,2,0,0,0,1
5,1870,0,3,5,6,5,7,20,0,2,0,0,0,1
5,2006,1,8,3,11,11,6,22,0,2,0,0,0,1
5,2020,0,7,20,20,18,19,28,0,3,0,0,11,0
5,2156,1,5,8,9,4,5,45,0,1,0,0,1,1
5,2195,1,6,20,19,18,20,25,0,2,0,0,8,1
5,2502,0,1,4,4,1,3,45,0,3,0,0,0,1
5,2533,1,6,1,5,5,2,19,0,1,0,0,0,0
5,2586,0,1,10,10,9,7,40,0,1,0,0,1,1
5,2737,1,8,20,19,19,19,26,0,2,0,0,9,1
5,2790,0,4,2,3,6,3,43,0,1,0,0,0,0
5,2901,1,9,16,18,18,19,26,0,2,0,0,6,1
5,3145,1,5,20,19,18,19,30,0,2,0,1,7,1
5,3309,1,5,18,17,17,18,26,0,1,0,0,5,1
5,3322,1,4,6,7,6,3,22,0,2,0,0,0,1
5,3602,1,8,19,19,19,18,35,0,2,0,0,10,0
5,3863,0,2,0,2,0,1,26,0,1,0,0,0,0
5,4122,0,6,3,4,6,6,25,1,1,0,0,0,1
5,4342,1,8,14,17,16,13,23,0,2,0,0,2,1
5,4444,0,10,17,16,12,15,25,1,1,0,0,2,1
5,4724,1,1,1,1,3,2,64,1,2,0,0,1,0
5,4996,0,1,11,16,16,11,27,0,1,0,0,1,1
5,5307,0,4,19,18,18,18,36,0,2,0,0,4,1
5,5433,1,8,3,12,13,7,20,1,2,0,0,1,1
5,5543,1,3,17,19,18,16,45,0,1,0,0,3,0
5,5882,1,2,7,12,8,11,44,0,2,0,0,0,1
5,6096,1,9,7,11,9,8,20,0,2,0,0,1,0
5,6129,0,1,8,13,10,11,28,0,2,0,0,1,1
5,6170,1,9,18,20,19,20,29,0,2,0,1,8,0
5,6251,0,4,19,18,15,18,33,0,2,0,0,5,1
5,6377,1,7,16,17,15,16,27,0,1,0,0,2,1
5,6586,1,5,17,20,17,19,53,1,1,0,0,6,1
5,7003,1,2,20,18,20,18,61,0,2,0,0,20,0
5,7258,1,7,19,20,19,18,26,0,2,0,0,8,1
5,7457,1,7,20,20,20,20,26,0,2,0,0,5,1
5,7602,1,7,19,20,19,20,31,0,2,0,0,11,1
5,7636,0,2,0,1,0,1,38,1,2,0,0,0,0
5,7958,0,2,15,15,15,15,58,0,1,0,0,5,0
5,9357,0,4,18,18,16,19,36,0,2,0,0,6,0
5,9617,1,4,19,20,17,19,27,0,2,0,0,4,1
5,9833,0,1,3,5,8,1,67,0,1,0,0,0,1
5,10076,0,4,17,18,15,20,21,0,2,0,0,2,1
5,10319,1,1,16,13,11,15,43,0,2,0,0,3,1
5,10327,0,5,2,1,1,4,23,0,1,0,0,0,0
5,10401,0,1,0,0,2,1,47,1,1,0,0,0,0
5,10706,0,7,1,1,5,2,42,0,2,0,0,0,0
6,206,1,4,19,20,20,18,29,1,1,0,1,10,1
6,227,1,3,6,4,4,8,31,1,2,0,0,0,1
6,552,1,6,14,16,14,18,22,0,1,0,0,2,0
6,800,1,8,0,0,2,1,55,0,2,0,0,0,0
6,893,0,1,0,2,3,3,31,0,3,0,0,0,0
6,1865,0,1,3,6,5,4,36,0,1,0,0,0,1
6,2476,1,8,20,20,20,18,26,0,2,0,1,13,1
6,2605,0,8,9,4,10,7,45,0,3,0,0,1,0
6,2758,0,2,6,1,4,3,25,0,2,0,0,0,1
6,2955,0,2,6,5,2,11,30,0,2,0,0,1,0
6,3215,0,1,2,1,3,3,52,0,1,0,0,0,0
6,3289,0,6,20,20,20,19,38,0,2,0,0,15,1
6,3790,0,3,11,11,10,9,29,0,1,0,0,1,1
6,4101,1,10,19,20,20,19,31,0,2,0,2,8,0
6,4226,1,4,19,19,18,16,31,0,1,0,0,3,1
6,4258,0,2,2,1,3,1,25,0,1,0,0,0,0
6,4404,1,10,11,11,10,12,28,1,2,0,0,0,1
6,4637,1,1,15,11,11,11,36,0,2,0,0,2,1
6,4686,0,1,2,0,2,2,50,1,2,0,0,0,0
6,4907,1,9,19,20,20,19,31,0,2,2,1,16,1
6,4967,1,6,20,20,20,19,32,0,2,0,3,10,1
6,5134,1,9,20,19,19,20,27,0,1,0,0,18,1
6,5330,1,1,1,2,2,2,29,0,2,0,0,0,0
6,5575,1,7,19,19,20,20,29,1,2,0,0,9,1
6,5852,0,1,5,1,2,4,55,1,2,0,0,1,1
6,5923,0,2,13,15,11,15,29,0,1,0,0,2,1
6,6229,1,5,18,19,16,18,38,0,1,0,0,5,0
6,6379,0,6,13,14,12,16,22,0,1,0,0,1,1
6,6424,0,1,6,2,3,5,45,0,3,0,0,1,0
6,6908,1,7,20,20,20,19,30,0,2,0,0,21,1
6,7259,0,5,19,20,19,19,26,0,1,0,0,5,0
6,7348,0,2,0,0,2,2,38,0,2,0,0,0,0
6,7472,0,1,1,0,0,1,80,0,1,0,0,0,0
6,7555,0,1,0,0,1,1,64,1,1,0,0,0,0
6,7578,0,2,14,10,11,12,43,1,2,0,0,2,0
6,7985,0,4,7,3,9,7,35,0,2,0,0,0,1
6,8054,0,4,19,16,18,17,53,0,2,0,0,5,1
6,8188,0,10,18,18,18,20,26,0,1,0,0,3,0
6,8248,1,7,19,20,19,20,28,0,1,0,0,5,0
6,8881,1,10,5,3,6,4,40,0,2,0,0,0,1
6,8882,1,9,19,19,20,18,22,0,2,0,0,2,0
6,8905,0,1,2,0,1,2,52,0,1,0,0,0,0
6,9045,0,5,4,3,3,2,46,0,1,0,0,0,1
6,9150,1,9,19,18,18,18,21,0,1,0,2,2,1
6,9405,1,10,20,20,19,19,38,1,2,0,0,7,1
6,9437,0,9,19,19,19,20,23,0,3,0,1,2,1
6,9830,0,2,5,4,4,6,48,0,1,0,0,0,1
6,10008,1,4,12,6,8,10,28,0,1,0,0,1,1
6,10491,0,3,5,4,5,8,29,0,1,0,0,1,0
6,10878,1,6,19,14,14,16,47,0,3,0,0,3,0
7,332,0,7,15,12,18,16,30,1,2,0,0,2,1
7,700,1,9,20,20,20,18,26,0,2,1,1,10,1
7,1032,1,9,19,17,19,20,29,0,3,0,0,7,1
7,1871,1,8,13,9,13,14,25,1,2,0,0,2,1
7,2072,0,1,2,1,6,4,66,1,1,0,0,1,0
7,2353,0,1,2,0,4,2,47,0,1,0,0,0,0
7,2718,1,3,6,7,5,9,35,1,2,0,0,0,1
7,2854,1,9,20,20,19,20,31,0,2,0,0,19,1
7,2897,1,7,9,9,10,11,28,0,1,0,0,1,1
7,2937,1,5,7,8,5,5,20,0,1,0,0,0,1
7,3122,0,4,8,8,13,11,46,0,1,0,0,2,0
7,3246,0,3,2,4,2,2,30,0,1,0,0,0,0
7,3408,1,3,1,4,3,8,19,1,1,0,0,0,1
7,3552,0,3,0,2,6,1,28,0,1,0,0,0,0
7,3574,1,3,11,14,14,14,24,0,2,0,0,2,1
7,3642,1,4,13,13,15,13,41,0,2,0,0,3,1
7,3692,1,2,19,19,17,18,41,0,2,0,0,8,1
7,3783,0,1,2,1,4,3,38,0,1,0,0,0,1
7,4028,0,4,1,1,2,1,35,1,2,0,0,0,0
7,4403,0,7,19,17,17,19,40,0,2,0,0,6,1
7,4609,0,1,0,5,2,1,50,0,1,0,0,0,0
7,4655,0,8,19,18,18,20,31,0,1,0,0,10,0
7,5027,1,4,18,18,18,18,27,0,2,0,0,6,1
7,5057,0,1,5,6,5,9,49,1,2,0,0,1,1
7,5114,1,7,20,18,18,20,50,0,1,0,0,26,1
7,5223,1,5,7,6,10,15,23,1,2,0,0,1,1
7,5263,1,10,20,19,20,20,19,0,2,2,1,3,1
7,5383,1,9,8,13,10,15,19,1,2,0,0,1,1
7,5850,1,3,17,10,17,14,25,1,1,0,0,2,0
7,5886,0,1,0,1,3,2,53,0,1,0,0,0,0
7,5993,0,2,3,4,7,3,51,0,1,0,0,1,0
7,6319,1,9,15,16,19,17,23,0,2,0,0,2,0
7,6801,0,8,8,8,9,11,44,0,1,0,0,1,1
7,6980,1,9,20,20,18,20,28,1,2,0,0,13,1
7,7012,0,2,1,3,3,4,28,0,2,0,0,0,1
7,7245,1,8,19,18,20,19,25,0,2,0,0,5,0
7,7468,1,7,15,12,17,13,42,0,1,0,0,2,1
7,7605,1,1,5,2,6,3,49,0,2,0,0,1,0
7,8171,0,2,2,5,2,3,38,0,1,0,0,0,0
7,9268,1,2,3,9,5,11,28,0,1,0,0,1,1
7,9524,0,10,7,7,7,6,29,0,1,0,0,1,0
7,9801,0,5,14,15,14,19,25,0,2,0,0,4,0
7,9921,0,5,5,8,10,14,27,0,2,0,0,1,0
7,9979,0,1,3,6,5,6,34,1,1,0,0,1,0
7,10134,1,7,20,19,18,19,25,0,3,0,0,6,0
7,10528,0,1,3,7,6,4,41,0,3,0,0,1,0
7,10540,1,1,4,4,5,7,31,1,1,0,0,1,0
7,10677,1,9,20,19,18,19,29,0,2,0,0,10,1
7,10721,0,2,14,16,17,16,50,0,1,0,0,4,0
7,10921,0,2,11,11,12,16,26,0,2,0,0,2,0
8,122,1,10,19,19,18,17,30,0,2,0,0,8,0
8,189,0,9,12,11,15,13,52,0,1,0,0,3,0
8,265,1,6,20,16,19,18,28,0,2,0,0,6,0
8,363,1,5,20,19,18,20,44,0,1,0,0,8,0
8,763,1,5,18,20,20,19,26,0,3,0,0,7,1
8,765,1,6,20,20,17,17,66,0,2,0,0,33,1
8,829,1,10,20,20,18,20,22,0,1,1,0,6,1
8,956,1,10,20,20,19,20,24,0,2,0,0,4,1
8,1796,1,3,6,8,4,4,21,0,2,0,0,0,1
8,1834,0,4,7,10,9,8,31,0,1,0,0,0,1
8,1904,0,4,5,4,6,7,32,0,2,0,0,1,1
8,2078,1,5,18,17,18,16,43,0,1,0,0,4,1
8,2121,0,4,17,20,18,20,28,1,2,0,0,4,1
8,2396,0,4,1,0,1,0,57,1,1,0,0,0,0
8,3056,0,3,0,2,3,1,25,0,2,0,0,0,1
8,3146,1,3,4,1,3,5,37,0,3,0,0,0,1
8,3483,0,1,6,9,5,8,39,0,1,0,0,0,0
8,3585,1,1,1,2,5,3,54,0,1,0,0,1,0
8,3761,1,5,19,18,19,20,42,0,2,0,0,7,1
8,4076,0,6,19,18,20,17,33,0,2,0,0,6,1
8,4255,0,5,2,3,4,3,27,0,1,0,0,0,1
8,4436,1,10,20,19,17,18,23,0,2,0,0,4,1
8,4730,1,2,15,14,11,15,20,0,1,0,0,1,1
8,5224,1,8,6,7,10,10,25,0,2,0,0,0,1
8,5354,1,9,1,2,4,1,24,0,2,0,0,1,0
8,5485,1,8,2,3,3,0,22,0,2,0,0,0,1
8,5553,0,3,4,3,6,4,22,0,1,0,0,0,1
8,6205,1,1,20,18,18,19,53,0,2,0,0,15,1
8,6443,0,5,18,17,19,17,28,0,1,0,0,5,1
8,6658,1,4,1,2,3,3,39,0,2,0,0,0,1
8,7257,1,3,5,7,10,6,24,0,1,0,0,1,1
8,7340,1,4,4,8,6,0,31,1,1,0,0,0,1
8,7445,1,8,4,9,5,4,31,0,3,0,0,1,1
8,7723,0,2,4,7,7,5,24,0,3,0,0,0,1
8,7754,1,4,15,15,14,16,25,0,1,0,0,2,0
8,7788,1,6,20,20,20,19,33,0,2,0,0,7,1
8,7914,0,1,1,2,2,2,55,0,1,0,0,0,0
8,8036,0,1,4,6,7,5,42,0,3,0,0,1,0
8,8045,1,9,20,19,17,19,23,0,1,0,0,6,1
8,8278,1,6,12,9,15,13,53,0,2,0,0,3,1
8,8526,0,9,1,4,4,3,26,1,2,0,0,0,0
8,8835,0,1,14,15,15,16,29,0,2,0,0,3,0
8,9031,1,7,20,18,19,20,27,0,2,0,0,21,1
8,9488,1,4,1,5,3,2,21,0,1,0,0,0,0
8,9747,1,4,18,18,20,19,32,0,2,0,0,4,1
8,9832,1,4,6,7,6,6,25,0,1,0,0,1,0
8,10498,0,1,5,6,5,3,65,1,1,0,0,1,1
8,10499,1,9,20,20,19,19,28,1,1,0,0,5,1
8,10836,1,6,16,18,17,19,25,0,2,0,0,3,1
8,10979,0,1,2,1,4,2,43,0,2,0,0,0,0
9,730,0,6,6,3,2,2,35,0,4,0,0,0,1
9,807,0,9,1,2,2,2,23,0,1,0,0,0,0
9,919,1,10,4,6,3,4,36,0,3,0,0,1,0
9,1212,1,5,5,5,5,2,24,1,2,0,0,1,0
9,1314,1,8,20,18,19,20,31,0,2,0,3,25,0
9,1446,0,1,17,13,14,12,35,0,1,0,0,2,1
9,1559,0,4,20,17,16,20,24,0,1,1,2,3,0
9,1689,1,1,10,12,9,13,54,0,1,0,0,3,0
9,2405,0,3,1,3,1,0,24,1,2,0,0,0,1
9,2567,0,6,4,7,5,3,38,0,1,0,0,1,0
9,2780,0,1,0,1,1,0,58,0,1,0,0,0,0
9,3298,0,5,19,18,18,19,31,0,1,0,0,6,0
9,4441,0,2,3,5,1,2,54,1,1,0,0,1,0
9,4510,0,1,6,6,11,6,54,0,1,0,0,2,0
9,5074,1,1,2,5,3,2,33,0,2,0,0,1,0
9,5096,0,4,4,5,2,0,38,1,2,0,0,0,0
9,5342,0,5,15,13,13,9,47,0,1,0,0,3,0
9,5370,0,2,6,8,8,9,23,0,2,0,0,1,0
9,5420,1,4,15,14,16,17,22,0,2,0,0,2,1
9,5600,1,5,2,2,3,1,25,0,2,0,0,0,0
9,5670,1,8,20,20,20,19,18,0,1,5,0,4,1
9,5745,0,3,14,15,15,17,29,0,2,0,0,2,1
9,5821,0,5,13,14,19,14,31,0,1,0,0,3,0
9,6595,0,1,1,2,0,0,40,0,2,0,0,0,1
9,6862,0,4,19,18,19,17,31,0,2,0,0,5,1
9,6916,0,6,10,8,9,10,23,0,2,0,0,1,1
9,7178,1,6,19,15,19,18,43,0,2,0,0,7,1
9,7323,1,5,17,18,20,20,41,0,2,0,0,19,1
9,8118,0,6,14,11,17,14,34,0,2,0,0,4,0
9,8253,0,3,1,2,0,0,29,0,2,0,0,0,0
9,8259,0,1,0,2,1,0,58,0,2,0,0,0,1
9,8292,1,10,20,19,20,20,28,0,2,0,8,12,1
9,8306,1,9,18,19,17,20,43,0,2,0,0,15,0
9,8705,1,9,20,20,18,20,22,1,2,0,0,4,1
9,8791,0,6,2,1,2,0,29,1,1,0,0,0,0
9,8847,1,5,13,14,12,18,39,1,2,0,0,3,1
9,8891,1,4,20,18,19,20,56,0,1,0,0,17,1
9,9040,0,1,15,12,14,17,34,0,2,0,0,3,1
9,9055,1,4,1,3,3,0,21,1,3,0,0,0,0
9,9163,1,8,20,19,20,20,31,0,2,1,1,12,0
9,9367,1,9,20,16,20,19,25,1,2,0,0,7,1
9,9534,1,6,20,20,20,20,49,0,2,0,0,29,1
9,9746,0,7,1,5,1,4,23,0,3,0,0,0,0
9,9811,1,9,19,19,17,17,25,1,2,0,0,5,1
9,9852,1,10,19,18,16,18,21,0,2,0,2,2,1
9,10167,1,6,17,12,9,15,24,0,2,0,0,2,1
9,10369,0,1,4,8,4,4,29,0,3,0,0,1,1
9,10652,1,6,16,13,12,15,33,0,2,0,0,3,0
9,10925,1,2,17,13,10,15,26,0,1,0,0,3,0
9,10985,1,10,19,20,20,20,30,0,2,0,1,19,1
10,22,0,10,18,17,17,18,25,0,2,0,0,3,1
10,208,1,2,12,14,10,13,44,0,1,0,0,2,0
10,480,1,9,5,7,9,7,20,0,2,0,0,0,1
10,657,1,10,18,14,18,19,24,1,2,0,0,3,1
10,1300,0,5,2,2,3,5,21,1,1,0,0,0,0
10,1522,0,7,16,17,15,14,23,0,2,0,0,2,0
10,1718,1,9,18,18,20,20,25,0,2,0,1,11,1
10,1841,0,3,8,6,6,5,37,1,1,0,0,1,0
10,2165,1,1,1,2,1,4,53,0,2,0,0,0,0
10,2400,0,8,18,19,20,20,30,0,2,0,2,11,1
10,2687,0,1,5,0,4,3,54,0,1,0,0,0,0
10,2841,0,5,18,18,20,18,24,0,1,0,1,3,0
10,3055,0,2,14,16,17,13,61,0,2,0,0,5,1
10,3084,0,4,18,18,18,18,50,1,2,0,0,7,0
10,3110,1,4,5,2,2,4,21,0,1,0,0,0,0
10,3255,0,2,16,12,18,15,51,0,2,0,0,4,0
10,3641,0,6,2,2,1,3,26,0,1,0,0,0,0
10,3952,0,4,3,3,4,1,37,0,1,0,0,0,0
10,4182,0,5,12,11,15,12,32,0,1,0,0,0,1
10,4520,1,6,12,11,14,18,30,1,2,0,0,3,1
10,4524,0,4,5,5,10,7,20,0,1,0,0,0,1
10,4593,0,1,0,2,6,3,38,0,4,0,0,0,0
10,4748,0,3,0,1,3,1,30,1,2,0,0,0,0
10,4754,0,1,4,10,10,7,47,0,2,0,0,1,1
10,4870,0,2,5,3,7,8,24,0,1,0,0,1,0
10,5069,1,10,19,20,17,19,24,0,2,1,0,2,0
10,5249,0,4,2,2,3,3,28,0,2,0,0,0,1
10,5369,0,1,0,0,2,0,45,0,2,0,0,0,0
10,5372,0,2,5,3,8,6,29,1,2,0,0,0,1
10,5387,1,1,2,3,2,4,34,0,2,0,0,0,0
10,5563,1,6,3,5,8,7,33,0,1,0,0,0,1
10,5623,1,6,2,1,5,3,32,0,1,0,0,0,0
10,5673,1,6,19,17,19,20,32,0,2,0,0,10,1
10,5968,1,4,18,19,20,18,57,0,1,0,0,9,1
10,6360,0,3,1,6,7,9,39,0,1,0,0,0,1
10,6449,1,5,19,18,19,18,51,0,2,0,0,11,0
10,6690,1,10,19,19,19,20,25,0,2,0,1,7,1
10,7099,0,2,9,11,13,8,34,0,2,0,0,2,1
10,7148,0,7,19,19,18,20,45,0,3,0,0,8,1
10,7847,0,1,6,1,4,1,30,0,1,0,0,0,0
10,8438,1,10,20,18,19,19,34,1,1,0,0,12,1
10,8471,1,4,19,17,18,18,23,0,2,0,0,2,1
10,8563,0,2,4,4,8,5,27,0,3,0,0,1,0
10,8863,1,6,19,18,19,19,31,0,3,0,0,5,1
10,9229,0,8,2,3,2,3,22,0,2,0,0,0,0
10,9495,1,7,19,17,17,18,21,0,3,0,1,2,1
10,9831,1,2,1,0,3,1,29,0,3,0,0,0,0
10,10136,1,3,15,15,14,13,34,0,2,0,0,2,1
10,10807,1,9,16,13,16,13,25,0,1,0,0,3,0
10,10949,1,9,19,14,17,16,19,0,2,1,0,1,1
11,266,0,1,13,10,12,11,54,0,3,0,0,2,1
11,279,0,1,7,2,9,6,57,0,3,0,0,1,1
11,469,1,10,4,8,8,10,20,0,2,0,0,0,1
11,648,1,5,4,2,8,1,57,0,2,0,0,1,1
11,1157,0,7,16,15,17,18,27,0,5,0,0,3,0
11,1191,1,4,3,8,5,5,22,0,1,0,0,0,1
11,1611,0,3,16,18,18,18,47,0,2,0,0,4,1
11,2152,0,2,12,12,12,13,42,1,2,0,0,2,1
11,2638,0,4,2,3,4,0,23,0,1,0,0,0,0
11,2898,0,3,1,0,1,1,31,1,1,0,0,0,0
11,2907,1,6,18,18,18,20,22,0,2,0,0,3,1
11,3293,0,3,3,2,4,2,27,1,1,0,0,0,1
11,3347,1,3,17,17,18,19,36,1,2,0,0,7,1
11,3412,0,2,3,0,2,0,25,0,1,0,0,0,0
11,3562,0,1,3,2,3,3,52,0,2,0,0,0,1
11,3950,1,9,15,14,16,16,38,0,1,0,0,3,1
11,4139,1,8,20,20,20,19,35,0,2,0,1,14,0
11,4165,0,7,3,6,6,6,22,0,2,0,0,0,1
11,4694,0,4,11,10,13,10,44,0,1,0,0,2,0
11,4835,0,10,5,7,4,4,37,0,2,0,0,1,1
11,5506,1,5,20,20,17,18,24,0,1,0,0,3,1
11,5689,0,4,16,12,16,17,22,0,1,0,0,1,1
11,5939,0,1,13,11,14,13,45,0,1,0,0,2,1
11,6164,0,1,7,7,10,6,37,1,2,0,0,1,1
11,6339,1,5,17,18,20,18,49,0,2,0,0,11,0
11,6668,1,2,1,0,0,1,29,0,2,0,0,0,0
11,6687,1,8,19,20,20,19,39,0,1,0,0,10,1
11,7247,1,5,13,16,14,18,24,1,2,0,0,2,1
11,7508,0,1,0,4,2,1,44,0,3,0,0,0,0
11,8014,1,3,17,18,19,19,52,0,2,0,0,7,0
11,8258,1,7,20,19,18,18,26,0,2,0,0,6,1
11,8403,1,4,2,5,5,5,19,0,2,0,0,0,1
11,8534,1,5,20,20,19,18,44,1,1,0,0,10,1
11,8565,1,10,18,20,19,20,30,0,2,0,0,13,1
11,8642,0,6,14,14,17,13,61,0,1,0,0,4,1
11,8777,0,4,15,12,11,16,21,0,1,0,0,1,1
11,8939,0,4,6,7,4,6,26,1,2,0,0,1,0
11,9172,0,7,4,10,6,11,21,0,2,0,0,0,1
11,9380,0,4,18,19,18,19,38,0,1,0,0,5,1
11,9484,0,2,5,4,3,4,41,1,1,0,0,1,0
11,9685,1,7,2,5,3,3,22,0,2,0,0,0,0
11,9971,0,1,0,0,2,0,55,1,1,0,0,0,1
11,10169,1,7,3,1,1,3,33,0,1,0,0,0,0
11,10267,0,8,20,20,17,18,31,1,2,0,0,4,1
11,10317,0,1,1,1,1,1,62,0,2,0,0,0,0
11,10492,0,6,20,20,20,20,25,1,3,0,1,14,1
11,10560,1,1,11,11,15,10,41,0,1,0,0,1,1
11,10580,0,8,9,8,12,9,22,1,1,0,0,1,0
11,10703,0,7,19,20,20,20,43,0,2,0,1,23,1
11,10931,0,3,9,10,12,8,28,0,3,0,0,1,1
12,163,0,1,8,7,7,8,43,0,1,0,0,1,1
12,215,0,2,14,11,9,10,31,0,2,0,0,1,0
12,510,0,1,3,7,2,7,51,0,3,0,0,1,0
12,603,0,5,14,18,16,17,29,0,2,1,0,2,1
12,887,1,6,20,19,17,17,30,0,2,0,0,5,1
12,1467,1,7,20,20,20,19,29,0,2,0,0,10,1
12,1578,0,1,9,9,7,3,39,0,1,0,0,1,1
12,1615,0,1,3,5,4,3,38,1,1,0,0,0,1
12,1629,0,5,13,16,11,14,27,0,2,0,0,2,1
12,1943,1,3,4,5,3,2,24,0,2,0,0,0,1
12,2140,0,1,5,8,6,5,59,1,1,0,0,1,1
12,2456,0,6,18,18,19,19,43,0,1,0,0,9,1
12,2543,0,8,20,20,20,20,37,0,2,2,3,24,1
12,2765,0,2,3,1,1,0,26,1,2,0,0,0,0
12,2917,0,4,17,18,18,17,26,0,1,0,0,3,0
12,2959,0,7,14,15,10,14,26,0,2,0,0,2,0
12,3022,0,5,17,18,18,17,35,0,2,0,0,4,0
12,3182,0,5,11,11,9,9,25,0,2,0,0,2,1
12,3508,0,5,5,8,1,6,20,1,2,0,0,0,1
12,4186,0,1,5,3,0,4,59,0,1,0,0,0,1
12,4371,0,1,0,1,0,1,57,0,1,0,0,0,0
12,4643,1,10,19,20,20,19,32,0,2,0,1,12,0
12,4701,0,10,20,20,20,18,38,0,1,0,0,17,1
12,4881,0,6,8,8,5,8,31,0,2,0,0,0,1
12,4940,1,10,19,18,17,18,34,0,2,0,0,9,1
12,5454,1,4,5,3,5,2,25,1,1,0,0,0,1
12,5635,0,1,14,14,14,9,52,1,1,0,0,3,0
12,5678,1,9,20,20,20,18,38,0,2,0,1,16,1
12,6000,1,5,3,3,2,1,23,1,2,0,0,0,1
12,6574,1,2,13,17,17,15,31,1,2,0,0,2,1
12,6769,0,2,4,5,3,5,40,1,1,0,0,0,1
12,7112,1,7,19,17,19,18,55,0,2,0,0,10,0
12,7234,0,5,5,8,6,6,37,0,3,0,0,1,1
12,7427,0,8,20,20,17,17,27,0,2,0,0,8,0
12,7640,1,7,7,9,6,7,37,0,1,0,0,1,1
12,7675,1,7,1,2,1,1,20,0,1,0,0,0,1
12,7987,1,9,20,20,20,20,29,0,1,4,1,10,1
12,8107,0,1,3,3,1,3,49,1,1,0,0,1,0
12,8308,1,7,19,19,20,18,27,0,2,1,0,6,1
12,8885,1,8,10,13,8,9,22,0,2,0,1,1,1
12,8929,1,2,5,8,4,3,30,0,3,0,0,1,1
12,9246,0,1,0,1,1,1,55,1,1,0,0,0,0
12,9303,0,9,0,3,0,2,30,0,2,0,0,0,0
12,9523,1,5,14,18,13,9,30,0,2,0,0,2,1
12,9563,0,6,11,11,9,10,22,0,1,0,0,1,1
12,9597,0,4,3,5,1,3,22,0,1,0,0,0,0
12,9785,0,2,0,4,0,2,47,0,1,0,0,0,0
12,9953,1,3,10,13,7,13,23,0,2,0,0,1,1
12,10656,0,4,7,5,5,3,20,0,2,0,0,0,1
12,10935,1,9,20,20,19,17,31,0,3,1,0,7,0
13,210,1,7,18,19,19,18,32,0,2,0,0,3,1
13,366,1,8,16,12,14,12,22,0,1,0,0,1,0
13,1144,0,5,17,18,17,18,29,1,2,0,0,3,1
13,1244,0,4,13,12,14,13,47,0,1,0,0,2,1
13,1530,0,1,1,1,3,0,69,0,3,0,0,0,0
13,1682,0,1,14,17,14,17,40,0,1,0,0,3,1
13,1874,0,4,9,6,6,6,28,1,1,0,0,1,0
13,2446,1,3,3,10,6,9,23,0,1,0,0,0,1
13,2484,0,1,1,2,3,2,50,0,1,0,0,0,0
13,2519,1,7,20,19,19,20,32,0,2,1,3,24,1
13,2654,0,7,13,19,12,19,27,0,2,0,0,3,0
13,2681,0,3,11,9,10,8,43,0,2,0,0,1,1
13,2865,1,4,14,19,13,20,22,0,2,0,0,2,1
13,3113,1,3,15,17,14,18,34,0,3,0,0,2,1
13,3480,0,2,6,8,6,5,53,0,2,0,0,1,0
13,3488,0,1,13,15,16,14,36,0,1,0,0,2,1
13,3636,0,6,19,20,19,18,54,1,2,0,0,7,1
13,4476,1,8,20,19,18,20,60,0,2,0,0,19,1
13,4612,1,7,18,16,18,20,31,0,1,0,0,4,1
13,4834,0,5,18,17,16,18,27,1,2,0,0,3,1
13,4933,0,8,20,20,19,20,37,0,2,0,0,14,1
13,5128,0,2,4,5,4,5,39,0,3,0,0,1,0
13,5138,1,7,2,6,4,2,21,0,1,0,0,0,1
13,5535,1,6,14,15,12,17,21,0,1,0,0,1,1
13,5727,0,5,19,17,19,20,40,0,2,0,0,21,1
13,5921,1,3,17,16,17,18,52,0,1,0,0,4,0
13,6022,1,3,19,17,19,18,58,0,1,0,0,5,1
13,6570,0,4,16,15,15,14,47,0,1,0,0,2,1
13,6631,1,5,1,2,3,3,43,0,2,0,0,0,1
13,6661,0,2,2,6,3,2,24,0,1,0,0,0,1
13,7381,0,6,0,3,4,1,43,1,2,0,0,0,1
13,7488,1,8,4,7,4,7,21,0,2,0,0,0,1
13,7581,1,1,4,4,7,6,27,0,2,0,0,0,0
13,7821,0,8,9,13,9,10,30,0,1,0,0,1,1
13,7962,0,1,1,3,2,1,41,1,2,0,0,0,1
13,8000,1,3,12,13,7,14,26,1,2,0,0,1,1
13,8264,1,3,8,11,9,7,30,0,2,0,0,1,1
13,8285,1,6,20,18,18,20,28,0,2,0,0,8,0
13,8355,0,4,9,16,16,13,28,0,2,0,0,2,1
13,8761,1,2,18,18,19,20,32,0,1,0,0,4,0
13,8794,0,2,7,9,8,6,30,1,1,0,0,1,1
13,9041,0,1,4,3,5,3,36,0,1,0,0,0,0
13,9392,0,5,3,5,4,4,53,0,1,0,0,1,0
13,9475,0,1,5,7,8,7,31,0,2,0,0,1,1
13,9745,1,7,11,17,9,15,23,0,2,0,0,2,0
13,10243,0,3,0,2,1,0,29,1,3,0,0,0,0
13,10449,0,2,11,14,12,13,51,1,2,0,0,3,0
13,10643,0,10,1,3,4,2,22,0,2,0,0,0,0
13,10686,0,1,1,1,5,2,36,0,1,0,0,0,1
13,10975,0,2,5,13,10,11,25,0,2,0,0,1,1
14,98,1,6,19,20,19,17,27,0,2,0,1,6,1
14,277,1,8,19,20,19,19,47,0,2,0,0,23,0
14,622,0,6,1,0,2,3,39,1,1,0,0,0,0
14,754,1,4,14,19,15,18,29,0,2,0,0,4,1
14,844,0,6,13,16,17,13,58,0,2,0,0,6,1
14,1128,0,5,1,0,2,0,22,1,1,0,0,0,0
14,1250,1,8,19,20,19,19,35,0,2,0,0,13,1
14,1325,0,1,2,2,3,0,52,1,2,0,0,0,1
14,1430,0,4,0,0,3,3,47,0,3,0,0,0,0
14,1604,1,5,12,17,15,13,36,0,2,0,0,4,0
14,2220,1,4,17,18,19,20,52,0,2,0,0,15,0
14,2320,1,4,7,8,4,5,22,1,2,0,0,0,1
14,2511,0,3,12,14,15,14,37,0,3,0,0,2,0
14,2537,0,2,1,2,2,0,27,1,2,0,0,0,0
14,2766,1,8,17,18,20,19,28,0,2,0,0,8,1
14,3337,1,8,19,19,20,19,32,0,2,0,0,14,1
14,3387,1,1,6,7,11,12,52,0,2,0,0,1,0
14,3631,0,1,0,1,1,1,36,1,1,0,0,0,0
14,3722,1,7,5,9,8,10,23,0,2,0,0,1,0
14,3818,0,4,2,5,8,6,23,0,2,0,0,1,0
14,3841,0,2,4,4,8,9,56,0,1,0,0,1,1
14,3925,1,3,8,9,8,5,22,0,2,0,0,0,1
14,4335,0,9,5,5,6,7,37,0,2,0,0,0,1
14,4336,0,4,5,6,10,10,23,0,2,0,0,1,1
14,4761,1,2,9,10,10,10,30,0,3,0,0,2,0
14,4776,1,2,9,14,12,13,38,0,2,0,0,3,1
14,5432,1,1,17,17,18,16,56,0,1,0,0,9,0
14,5544,0,4,10,13,11,14,24,1,2,0,0,2,1
14,5634,0,1,2,1,2,1,39,0,1,0,0,0,1
14,6320,1,10,20,20,20,20,39,0,2,0,0,21,1
14,6525,1,1,5,5,7,8,51,0,1,0,0,1,1
14,6996,1,5,3,2,2,3,21,1,2,0,0,0,0
14,7123,1,2,2,2,1,2,27,0,2,0,0,0,0
14,7355,0,3,8,10,12,10,35,1,1,0,0,2,0
14,7526,1,3,3,0,1,2,23,0,1,0,0,0,0
14,7607,0,3,10,8,12,11,23,1,2,0,0,1,1
14,8060,0,1,1,2,2,2,62,0,1,0,0,0,1
14,8129,1,9,18,19,19,18,27,0,2,0,0,5,1
14,8140,1,10,19,20,20,20,31,0,2,3,0,16,1
14,8239,0,10,19,19,19,19,28,0,2,0,0,7,1
14,8354,1,8,19,20,19,19,29,0,1,1,0,9,1
14,8379,0,1,1,2,1,1,76,0,4,0,0,0,1
14,8681,1,9,20,20,19,20,33,0,2,0,0,12,1
14,8962,0,3,2,0,3,2,32,0,1,0,0,0,0
14,9129,0,6,10,11,15,14,26,0,2,0,0,2,1
14,9730,0,2,3,2,2,2,30,0,1,0,0,0,0
14,9867,0,3,15,19,16,16,41,0,2,0,0,6,1
14,9894,1,9,20,19,19,19,34,1,1,0,0,10,1
14,10359,0,6,4,11,13,10,25,0,2,0,0,2,0
14,10622,0,6,17,16,17,15,44,1,2,0,0,6,1
15,70,0,4,3,2,2,4,29,0,2,0,0,0,1
15,728,1,1,16,20,18,19,34,0,3,0,0,4,1
15,863,0,4,19,20,17,20,40,0,1,0,0,5,1
15,934,1,5,17,19,19,20,25,0,2,0,0,4,1
15,963,0,5,13,15,13,14,25,0,1,0,0,1,1
15,990,0,6,7,5,5,5,45,1,1,0,0,1,1
15,1196,0,1,3,1,2,2,31,0,1,0,0,0,0
15,1241,1,3,5,6,8,9,34,0,1,0,0,1,0
15,1452,1,5,3,7,7,8,21,1,1,0,1,0,0
15,2278,1,1,2,1,0,1,63,0,1,0,0,0,0
15,2402,1,7,18,19,20,20,46,0,2,0,0,15,1
15,2438,0,1,1,1,1,2,67,0,4,0,0,0,0
15,2583,0,3,18,19,15,16,35,1,1,0,0,4,1
15,2632,0,1,17,15,16,19,56,0,1,0,0,4,1
15,3774,0,1,1,1,2,1,61,0,1,0,0,0,0
15,3805,1,2,6,1,1,6,28,0,1,0,0,0,1
15,3999,0,1,9,5,8,11,41,0,2,0,0,1,1
15,4159,1,2,9,4,7,7,41,0,1,0,0,1,1
15,4288,0,1,10,7,8,6,51,0,1,0,0,2,1
15,4397,1,4,11,11,11,10,37,0,2,0,0,2,1
15,4931,1,1,0,1,0,2,50,0,1,0,0,0,1
15,5042,1,7,19,20,20,20,45,0,2,0,0,13,0
15,5052,0,4,5,2,4,5,44,0,1,0,0,0,1
15,5326,1,4,15,15,16,15,34,0,1,0,0,3,0
15,5935,1,4,19,17,18,20,24,0,2,0,0,3,1
15,5951,0,2,1,1,1,1,33,1,3,0,0,0,1
15,6249,1,3,11,14,12,16,38,0,1,0,0,2,1
15,6864,1,10,19,19,19,19,26,0,2,0,0,6,0
15,7166,0,5,5,1,8,4,33,1,2,0,0,1,1
15,7206,1,2,17,19,18,18,37,0,3,0,0,6,1
15,7320,1,8,18,19,17,20,22,0,1,0,2,3,1
15,7341,1,5,5,1,3,5,25,0,2,0,0,0,0
15,7459,1,8,17,19,20,20,26,0,2,0,0,10,1
15,7807,1,8,18,19,20,20,34,0,1,0,0,13,1
15,7868,0,3,7,0,5,5,37,1,2,0,0,0,1
15,7894,0,8,4,3,6,8,20,0,2,0,0,0,1
15,7916,0,7,2,1,3,6,25,0,2,0,0,0,1
15,8223,0,10,19,20,20,19,31,1,1,0,0,14,1
15,8728,0,6,2,0,6,2,24,1,1,0,0,0,0
15,8866,0,3,4,2,5,6,34,1,3,0,0,1,0
15,9136,0,4,18,20,19,20,26,0,2,0,0,5,1
15,9436,1,7,18,20,20,20,27,0,2,0,0,11,1
15,9509,1,7,18,20,20,20,27,0,2,0,0,9,1
15,9556,0,2,15,12,12,14,30,0,3,0,0,1,1
15,10271,0,3,10,10,12,10,33,0,3,0,0,2,0
15,10484,0,1,14,17,15,13,29,0,1,0,0,2,0
15,10509,0,7,18,16,16,20,25,0,2,0,1,3,1
15,10660,1,2,2,3,6,5,23,0,3,0,0,0,0
15,10871,0,1,4,2,2,2,43,1,1,0,0,0,0
15,10894,0,4,16,15,18,17,33,0,2,0,0,3,1
16,67,1,8,20,20,19,20,35,0,2,1,0,13,1
16,533,1,5,2,2,4,2,23,1,2,0,0,0,1
16,640,1,7,2,7,4,6,20,0,2,0,0,0,1
16,646,1,1,6,6,7,3,48,0,3,0,0,1,0
16,654,0,1,4,3,0,3,33,0,1,0,0,0,1
16,692,1,5,18,17,18,19,29,0,2,0,0,3,1
16,1729,1,2,6,10,7,8,39,0,2,0,0,1,0
16,1787,0,5,5,7,7,3,24,0,2,0,0,0,1
16,2054,0,2,5,4,7,4,25,0,1,0,0,0,1
16,2262,1,3,2,3,3,3,23,0,2,0,0,0,0
16,2291,0,1,2,6,5,2,72,0,1,0,0,1,0
16,2382,1,6,20,19,19,20,58,0,2,0,0,24,1
16,2874,1,2,15,17,12,14,33,0,2,0,0,2,0
16,2914,0,9,12,12,13,8,29,0,2,0,0,1,1
16,3438,1,6,3,3,6,3,26,0,1,0,0,0,0
16,3674,0,2,2,0,4,0,32,1,2,0,0,0,1
16,4112,0,3,13,14,13,13,21,0,2,0,0,1,1
16,4408,0,1,17,17,19,18,42,0,2,0,0,3,1
16,4518,1,3,18,20,20,20,24,0,2,0,0,5,1
16,4534,0,2,0,4,2,0,32,1,2,0,0,0,0
16,4641,0,4,7,7,4,6,35,1,1,0,0,1,0
16,4873,1,6,18,16,17,17,27,1,2,0,0,4,1
16,5650,0,4,19,19,19,19,28,0,2,0,0,5,1
16,5655,0,3,2,2,2,1,25,1,1,0,0,0,0
16,5793,1,3,13,14,13,13,36,1,2,0,0,1,1
16,6043,0,3,16,12,14,11,50,0,1,0,0,3,1
16,6264,0,10,1,2,2,2,29,1,2,0,0,0,1
16,6278,0,2,2,5,5,5,30,1,2,0,0,0,1
16,6432,0,5,20,15,20,15,42,1,1,0,0,3,1
16,6481,0,4,1,3,1,3,23,1,2,0,0,0,0
16,6503,1,2,5,10,8,11,37,0,3,0,0,1,1
16,6791,0,1,17,12,17,16,57,0,2,0,0,3,1
16,6875,0,8,9,12,10,12,22,0,1,0,0,0,1
16,7037,1,10,20,20,18,20,26,0,2,0,1,6,1
16,7051,0,1,4,4,6,7,56,0,2,0,0,1,1
16,7738,0,2,14,11,14,13,32,0,1,0,0,2,1
16,7903,0,1,1,2,1,1,52,1,2,0,0,0,0
16,7948,0,6,1,1,3,2,27,0,2,0,0,0,1
16,8479,1,4,17,14,15,17,47,0,2,0,0,4,1
16,8560,0,1,17,14,15,12,47,0,1,0,0,2,0
16,8724,1,9,19,19,20,20,42,0,2,1,0,7,1
16,8867,0,10,19,17,17,16,24,0,1,0,0,6,1
16,9072,1,7,14,16,16,15,37,0,2,0,0,4,0
16,9106,1,2,20,18,18,18,32,1,1,0,0,2,1
16,9506,1,9,2,4,5,4,24,0,2,0,0,0,0
16,9632,0,1,13,12,12,15,46,0,1,0,0,1,1
16,9914,1,4,20,19,18,19,23,0,1,0,1,4,0
16,9942,0,1,1,5,1,2,46,0,3,0,0,0,1
16,10626,0,1,0,2,3,2,46,0,1,0,0,0,1
16,10659,1,10,19,20,19,20,30,0,2,0,1,18,1
17,156,1,6,20,17,19,17,24,0,1,0,1,8,1
17,222,0,1,3,2,0,2,43,1,1,0,0,0,0
17,446,0,6,4,6,2,5,21,1,2,0,0,0,0
17,1004,1,6,10,16,16,16,23,0,3,0,0,2,0
17,1153,1,8,15,13,13,15,20,1,1,0,0,1,1
17,1329,1,8,17,15,17,16,22,0,1,0,1,1,1
17,1526,0,4,20,20,20,17,36,0,2,0,0,5,1
17,1562,0,3,2,4,6,3,26,0,3,0,0,0,1
17,1795,0,6,4,7,9,6,22,1,3,0,0,0,1
17,2153,1,8,17,18,19,17,22,0,2,0,0,3,1
17,2211,1,7,20,19,19,19,24,0,2,0,0,5,1
17,2410,0,4,15,14,14,17,33,1,3,0,0,2,0
17,2448,1,8,11,6,10,9,21,0,2,0,0,0,1
17,2514,1,9,19,20,20,18,35,0,2,0,1,23,1
17,2618,1,9,19,20,19,18,34,0,2,0,0,27,1
17,2767,1,1,9,12,8,14,67,0,1,0,0,2,0
17,2772,1,8,16,15,15,18,23,0,2,0,0,2,0
17,2820,0,1,2,2,2,4,66,0,1,0,0,0,0
17,2930,1,10,20,19,20,19,29,0,2,0,0,10,0
17,3229,0,5,17,16,14,16,26,0,1,0,0,2,1
17,3444,1,2,6,7,6,9,44,0,1,0,0,0,1
17,3676,0,5,8,10,9,11,50,0,2,0,0,1,1
17,3941,0,3,3,2,2,5,37,0,1,0,0,0,0
17,4421,1,2,19,20,18,17,53,1,2,0,0,10,1
17,4596,1,1,3,2,2,3,52,0,2,0,0,0,0
17,4634,1,4,6,3,3,5,27,0,1,0,0,0,0
17,5123,1,3,19,17,19,18,31,0,2,0,0,3,1
17,5349,1,10,7,8,10,9,20,0,1,0,0,0,1
17,5515,0,1,7,7,5,5,45,0,2,0,0,1,0
17,5818,0,5,5,4,5,6,23,0,2,0,0,0,1
17,6056,1,8,20,20,20,20,31,0,1,0,0,17,1
17,6606,0,5,2,2,3,5,43,0,2,0,0,0,1
17,6818,1,4,0,1,1,2,51,1,1,0,0,0,0
17,6911,1,4,0,6,4,3,20,0,3,0,0,0,0
17,6939,0,1,12,9,13,10,62,0,1,0,0,2,1
17,7455,0,7,10,15,11,10,22,0,2,0,0,0,1
17,7615,0,1,1,3,5,6,34,0,2,0,0,0,1
17,8191,0,4,3,5,6,7,21,0,2,0,0,0,1
17,8416,0,3,12,12,9,10,24,1,2,0,0,0,1
17,8703,0,1,6,5,3,3,61,1,1,0,0,0,1
17,8747,1,9,20,17,20,19,25,0,1,0,0,5,1
17,8970,1,1,2,2,0,2,69,0,1,0,0,0,0
17,9170,0,1,12,9,10,11,52,0,1,0,0,1,1
17,9662,0,3,16,11,15,15,56,0,1,0,0,3,0
17,10010,1,9,6,5,4,7,21,0,2,0,0,0,1
17,10536,1,9,18,20,20,18,26,0,2,0,0,8,1
17,10577,1,2,7,5,4,7,59,0,1,0,0,0,0
17,10851,1,3,14,13,15,14,29,1,2,0,0,2,1
17,10920,0,5,17,18,20,16,34,0,1,0,0,4,1
17,10997,0,3,3,0,0,2,23,0,2,0,0,0,1
18,154,1,1,6,5,0,2,39,1,1,0,0,0,1
18,319,1,1,20,17,19,15,56,0,1,0,0,7,1
18,364,0,3,3,7,8,1,25,0,2,0,0,0,1
18,400,1,4,2,4,3,1,23,1,2,0,0,0,1
18,947,0,10,20,19,15,16,23,1,1,0,0,3,1
18,1397,0,9,5,7,9,8,63,0,2,0,0,3,0
18,1553,1,1,5,8,4,1,51,0,3,0,0,0,1
18,2053,0,7,2,3,6,2,23,0,2,0,0,0,0
18,2149,1,1,2,2,0,3,33,0,2,0,0,0,1
18,2206,0,7,7,8,6,11,30,0,2,0,0,2,0
18,2216,0,2,8,7,7,11,44,0,2,0,0,2,1
18,2515,0,10,20,20,19,20,28,0,2,2,1,11,1
18,2613,0,1,6,5,5,6,46,0,1,0,0,0,1
18,2723,1,6,15,16,16,15,25,0,2,0,0,4,1
18,2794,1,4,18,20,18,17,27,0,1,0,1,4,0
18,2843,0,1,1,2,3,3,39,0,1,0,0,0,0
18,2943,0,1,4,9,7,4,42,0,1,0,0,0,1
18,3847,1,7,16,18,18,13,22,0,2,1,0,2,1
18,4164,0,4,19,18,18,16,40,1,1,0,0,4,1
18,4368,1,4,8,9,9,12,22,0,3,0,0,1,1
18,4719,0,1,2,2,1,4,29,0,1,0,0,0,0
18,4820,1,8,19,19,18,17,62,0,2,0,0,13,1
18,4971,1,7,20,17,18,17,19,0,2,0,1,2,1
18,5646,1,6,20,18,19,19,23,0,2,0,0,6,1
18,5801,1,3,15,18,17,16,51,0,1,0,0,6,1
18,6537,1,4,16,19,17,18,26,0,1,0,0,4,1
18,6766,1,8,20,19,20,20,29,0,2,0,1,8,1
18,6963,0,2,12,12,12,13,49,1,1,0,0,2,1
18,7269,0,1,0,2,0,3,57,1,1,0,0,0,0
18,7411,0,9,20,20,19,18,30,0,2,0,0,5,0
18,7930,1,5,20,18,19,18,22,0,1,0,0,5,0
18,8041,1,4,20,19,20,17,27,0,3,0,0,6,1
18,8111,1,8,18,19,18,16,27,0,2,0,0,4,1
18,8205,1,2,2,5,5,4,41,0,1,0,0,0,1
18,8358,0,6,3,2,3,1,21,1,2,0,0,0,1
18,8501,1,10,20,20,20,20,33,0,2,0,0,14,1
18,8518,1,10,10,10,13,13,21,0,2,0,0,1,1
18,8641,0,1,1,4,1,3,77,0,1,0,0,1,0
18,8832,1,5,15,18,15,16,24,0,2,0,0,2,1
18,9216,0,1,0,2,0,1,66,0,1,0,0,0,0
18,9219,0,7,19,20,20,19,28,0,2,0,0,7,0
18,9235,0,1,2,7,3,5,56,0,1,0,0,1,1
18,9277,0,3,1,2,1,2,27,1,2,0,0,0,0
18,9283,1,1,18,19,18,18,40,0,1,0,0,5,1
18,9636,1,10,20,20,20,20,30,0,2,0,2,13,1
18,9868,0,10,2,7,5,8,32,0,2,0,0,1,0
18,10645,0,7,2,3,1,2,31,0,2,0,0,0,1
18,10841,1,1,1,3,1,2,27,0,2,0,0,0,0
18,10899,1,5,19,19,20,20,25,0,1,0,0,7,0
18,10946,0,5,4,7,3,7,27,0,2,0,0,1,0
19,101,1,1,16,14,16,13,45,0,3,0,0,6,1
19,320,0,9,20,20,20,20,38,0,2,0,0,15,1
19,787,0,4,18,19,19,19,30,0,3,0,0,7,0
19,837,1,6,9,7,10,8,46,0,1,0,0,2,1
19,1146,1,7,17,18,19,19,26,0,2,0,0,4,1
19,1240,0,10,20,20,20,19,29,0,2,0,1,16,1
19,1343,1,6,17,14,20,15,24,0,3,0,0,3,1
19,1532,0,1,3,3,4,3,59,0,3,0,0,1,0
19,1576,1,8,17,20,18,18,42,0,2,1,0,13,0
19,2076,1,10,16,16,17,16,30,0,2,0,0,7,1
19,2100,0,1,3,1,1,1,44,0,1,0,0,0,0
19,2128,1,3,12,17,14,15,26,0,2,0,0,3,1
19,2329,1,10,19,20,20,20,25,0,2,0,4,14,1
19,2504,1,2,4,2,3,1,22,0,1,0,0,0,0
19,2589,0,4,19,16,19,19,34,1,3,0,0,5,1
19,2809,0,3,3,0,1,3,23,0,2,0,0,0,1
19,3019,1,2,1,0,0,2,50,0,1,0,0,0,0
19,3656,0,9,0,0,0,1,22,0,2,0,0,0,0
19,3751,1,10,20,19,19,20,41,0,2,2,0,18,0
19,3788,0,4,3,6,7,2,39,0,1,0,0,0,1
19,4692,0,1,1,0,1,0,47,0,1,0,0,0,0
19,4833,0,5,14,16,14,15,25,0,1,0,0,2,1
19,5177,1,1,10,10,10,12,37,0,3,0,0,3,0
19,5669,1,8,20,20,20,20,32,0,2,0,0,17,1
19,5754,1,4,20,20,19,20,34,0,2,0,0,13,1
19,5760,0,1,2,0,0,1,38,0,1,0,0,0,0
19,5825,1,9,20,19,20,19,24,0,2,0,0,11,1
19,6094,1,10,19,20,19,18,30,0,1,0,0,7,1
19,6267,1,1,0,1,0,0,51,1,1,0,0,0,0
19,6389,1,7,19,18,19,17,29,1,1,0,0,6,1
19,6420,1,9,17,19,18,17,24,0,2,0,1,9,0
19,6744,1,10,18,11,15,16,25,0,2,0,1,3,0
19,6805,1,3,6,5,6,4,22,0,2,0,0,0,1
19,7084,0,5,6,1,5,4,24,1,1,0,0,0,1
19,7231,0,7,10,11,9,11,37,0,2,0,0,3,0
19,7298,0,2,3,3,7,9,42,1,2,0,0,1,1
19,7334,1,10,18,20,20,19,26,0,2,0,1,24,1
19,7631,1,5,7,7,8,4,22,0,1,0,0,0,1
19,8149,0,3,16,17,15,17,27,0,1,0,0,3,0
19,8530,0,1,2,0,0,3,45,0,3,0,0,0,1
19,9221,1,7,16,18,18,20,22,0,1,0,0,3,1
19,10277,0,7,20,19,18,20,30,0,2,0,1,14,1
19,10302,0,2,15,17,17,16,61,0,2,0,0,14,0
19,10334,1,6,2,0,1,2,20,0,2,0,0,0,1
19,10336,1,8,17,16,16,15,29,0,2,1,0,3,0
19,10383,1,9,19,20,18,18,27,0,2,0,0,10,1
19,10412,0,1,2,1,1,2,49,0,1,0,0,0,1
19,10544,0,1,0,0,0,1,67,0,1,0,0,0,0
19,10673,1,7,15,19,20,20,29,1,2,0,1,7,1
19,10699,1,10,19,20,20,20,57,0,2,0,0,28,1
20,173,1,5,19,19,17,19,33,0,2,0,0,5,1
20,203,0,2,3,2,0,0,24,1,2,0,0,0,0
20,1215,0,1,1,0,1,0,83,0,3,0,0,0,0
20,1216,0,6,12,16,11,12,28,0,1,0,0,2,1
20,1283,1,9,15,13,12,14,21,0,2,0,1,1,1
20,1331,1,10,19,20,19,20,23,0,2,0,3,6,1
20,1670,1,6,8,14,8,7,23,0,2,0,0,1,1
20,2310,0,2,15,18,13,17,28,0,2,0,0,3,1
20,2507,0,6,20,15,16,18,28,0,2,0,0,5,0
20,2934,1,3,9,10,7,10,25,0,2,0,0,1,1
20,3205,0,1,9,13,12,11,49,0,1,0,0,2,0
20,3236,1,10,20,20,19,20,29,0,2,0,0,12,1
20,3273,1,9,13,16,7,11,21,0,2,0,0,1,1
20,3285,1,5,14,17,17,19,46,0,2,0,0,5,1
20,3511,0,3,5,4,3,2,23,0,1,0,0,0,1
20,3679,1,3,11,9,6,7,47,1,1,0,0,0,0
20,3869,0,4,3,2,1,2,26,0,2,0,0,0,0
20,3919,1,5,12,16,15,17,46,0,4,0,0,3,1
20,4536,0,1,6,8,7,3,44,1,1,0,0,1,1
20,4553,0,3,8,8,7,7,34,0,3,0,0,2,0
20,4774,0,1,3,1,0,2,61,0,1,0,0,0,0
20,4809,1,7,18,19,20,17,39,1,1,0,0,8,1
20,5001,1,2,5,2,3,3,23,0,2,0,0,0,0
20,5103,0,9,19,19,19,20,30,0,3,0,0,7,1
20,5297,1,8,18,18,20,19,30,1,2,0,0,15,0
20,5877,0,9,19,19,16,19,35,0,2,0,1,8,1
20,5997,0,6,11,13,12,14,24,0,1,0,0,1,1
20,6315,1,3,18,17,18,19,30,0,2,0,0,9,1
20,6391,1,8,7,13,9,11,24,0,2,0,0,2,0
20,6788,0,3,16,17,19,18,61,0,2,0,0,12,1
20,7023,0,5,11,13,14,13,25,0,1,0,0,2,1
20,7153,0,4,5,2,3,2,21,0,2,0,0,0,0
20,7722,1,9,18,20,16,19,23,1,2,0,0,3,1
20,7923,1,7,15,16,15,12,68,0,1,0,0,7,1
20,7945,0,2,16,13,14,16,26,0,1,0,0,2,1
20,7975,1,10,18,20,20,20,23,0,1,8,2,11,1
20,8207,1,2,14,13,17,17,31,0,1,0,0,3,0
20,8876,0,3,19,19,18,19,29,0,2,0,0,7,1
20,9165,0,9,5,5,3,2,26,0,2,0,0,0,1
20,9337,0,5,6,6,5,3,44,0,1,0,0,1,1
20,9442,1,8,13,10,6,6,25,0,2,0,0,1,1
20,9473,0,7,19,20,20,20,38,0,2,0,0,14,1
20,9581,0,3,5,3,3,0,23,1,2,0,0,0,1
20,9875,1,1,19,17,18,17,31,0,2,0,1,3,1
20,10012,1,6,15,17,15,13,24,1,2,0,0,2,1
20,10068,0,4,7,2,3,2,22,0,1,0,0,0,1
20,10289,1,8,11,5,4,8,36,0,1,0,0,0,1
20,10377,0,1,5,1,7,3,41,0,1,0,0,0,1
20,10394,0,1,3,1,0,1,30,0,2,0,0,0,0
20,10720,1,6,10,11,6,7,22,0,2,0,0,1,0
